meanF0,stdevF0,hnr,localJitter,localabsoluteJitter,rapJitter,ppq5Jitter,ddpJitter,localShimmer,localdbShimmer,apq3Shimmer,aqpq5Shimmer,apq11Shimmer,ddaShimmer,filename,id_machine,machine_type,label
195.68580164089184,68.48591401592626,1.5233398464215793,0.01255937206551137,6.453877675586298e-05,0.007310566314716967,0.007508817941673847,0.021931698944150903,0.21591190367833268,1.8583425479128817,0.10058993946814312,0.12475810197019975,0.1352190681155326,0.3017698184044294,../../../dataset/mimii/slider/id_02/abnormal/00000123.wav,id_02,slider,abnormal
484.1576212301023,66.16068000266083,-1.2351489229518275,0.09581979017414102,0.00020516648193809914,0.050238377856005274,0.05186034715706562,0.15071513356801583,0.23774942148332043,1.9925298646721843,0.12499573984034472,0.12573249971863953,,0.37498721952103414,../../../dataset/mimii/slider/id_02/abnormal/00000260.wav,id_02,slider,abnormal
477.73421562401694,12.919135844209933,0.2764538958505315,0.05532620141112182,0.00011814430437988534,0.03118887326297128,0.02956741325745983,0.09356661978891384,0.2228674009133651,1.917972140568775,0.1104350645199313,0.14585641720329784,0.09137693182221714,0.33130519355979393,../../../dataset/mimii/slider/id_02/abnormal/00000250.wav,id_02,slider,abnormal
148.730875849379,49.805342701195706,0.8565363536003096,0.004468058627727004,3.0024236463027835e-05,0.0025888508763512136,0.0027654034545794414,0.00776655262905364,0.21220392481880168,1.8787243738943964,0.11616074774269326,0.11917804480307384,0.13545696586996644,0.3484822432280798,../../../dataset/mimii/slider/id_02/abnormal/00000071.wav,id_02,slider,abnormal
177.8915872944715,63.3527669130067,0.9827863543326176,0.01087547457367278,6.10063442730876e-05,0.0062455024360306595,0.006718065458526862,0.01873650730809198,0.21354848057148235,1.8656695943413324,0.10559261664426077,0.1321275877906688,0.0988604064693278,0.3167778499327823,../../../dataset/mimii/slider/id_02/abnormal/00000104.wav,id_02,slider,abnormal
231.77378393610056,100.32881860911445,1.383463527605408,0.018714498787821002,8.334555439627022e-05,0.011116620328984446,0.011253931474858958,0.03334986098695334,0.20991514080284462,1.8238982822868426,0.10261838234794605,0.13559660295900952,0.16549669206156292,0.30785514704383815,../../../dataset/mimii/slider/id_02/abnormal/00000143.wav,id_02,slider,abnormal
534.7504829984678,29.25609586383538,-0.20928284392275356,0.11632337747275151,0.00023687906920167294,0.06612172833299829,0.06945029041649933,0.19836518499899486,0.24728257635807724,2.0771477064162793,0.12239780862481106,0.1480758124034084,,0.36719342587443315,../../../dataset/mimii/slider/id_02/abnormal/00000251.wav,id_02,slider,abnormal
435.3910351103316,46.2772592654133,0.1619487075760327,0.04734793611382821,0.00011325942567407815,0.02459120406648855,0.023399738694744602,0.07377361219946565,0.23160590123497224,2.0152895511691757,0.10474321075464751,0.12799255137781454,0.32209035081210097,0.3142296322639425,../../../dataset/mimii/slider/id_02/abnormal/00000213.wav,id_02,slider,abnormal
558.3591364947175,13.559792771505402,0.6028558886433865,0.05948822300572478,0.00011020038785494923,0.03209463304343487,0.0319847084384415,0.0962838991303046,0.23094719442875306,1.9470983865172304,0.11125691413985167,0.1534986794350174,,0.333770742419555,../../../dataset/mimii/slider/id_02/abnormal/00000252.wav,id_02,slider,abnormal
164.04271704777418,112.69347430223513,1.4981607283890963,0.009599015364719165,6.182477454328602e-05,0.004633704907240642,0.0045574824754237115,0.013901114721721924,0.2118949355336485,1.8065033823153713,0.11002353008938327,0.1383285293751735,0.14024873263586443,0.33007059026814983,../../../dataset/mimii/slider/id_02/abnormal/00000131.wav,id_02,slider,abnormal
198.7041537232674,73.94161330126164,0.8106176419814903,0.012671708698439442,6.408307598099553e-05,0.007442468050751552,0.007868989843909284,0.022327404152254655,0.21231433289441876,1.8607848488732897,0.104418256838092,0.12834777454284738,0.16714067857298542,0.31325477051427597,../../../dataset/mimii/slider/id_02/abnormal/00000109.wav,id_02,slider,abnormal
207.694308747871,58.3163628134057,1.0035672660383195,0.016301587101359184,7.875996330801799e-05,0.00977221564878037,0.009400497402672158,0.02931664694634111,0.2118695152716614,1.8577025472067887,0.10426802815069738,0.14276068216309515,0.16407426215779963,0.3128040844520922,../../../dataset/mimii/slider/id_02/abnormal/00000087.wav,id_02,slider,abnormal
171.31935055520745,60.70214068227873,-0.25591072219872707,0.004834064243048359,2.836382470682614e-05,0.002968218505980741,0.0030780862388288415,0.008904655517942223,0.21775526138612436,1.9264927695261096,0.1035698614450513,0.12552209647664464,,0.3107095843351539,../../../dataset/mimii/slider/id_02/abnormal/00000015.wav,id_02,slider,abnormal
225.65044101838225,63.85813242491082,1.281191288437836,0.018128656479032702,8.066362599830037e-05,0.010681345300095783,0.010930682882164495,0.03204403590028735,0.20805991940230087,1.779388450954778,0.10318333160758564,0.12221351396493924,0.14181385291544396,0.3095499948227569,../../../dataset/mimii/slider/id_02/abnormal/00000132.wav,id_02,slider,abnormal
223.48277275819817,49.69874704556295,-0.9331265739054498,0.009980742564247394,4.433777333118536e-05,0.006018735360521198,0.00708167558415841,0.018056206081563594,0.21164577345211577,1.8953787794234085,0.10128008810575366,0.11465983535547951,0.2671146072697885,0.30384026431726097,../../../dataset/mimii/slider/id_02/abnormal/00000011.wav,id_02,slider,abnormal
455.9454289356066,190.3525500586303,-1.008156039367855,0.029957536235662174,7.022333317696724e-05,0.015851794771124025,0.015477675974249474,0.04755538431337207,0.2160466789069804,1.9081363684060884,0.10051369245107727,0.12409017957106482,0.19705208148745407,0.3015410773532318,../../../dataset/mimii/slider/id_02/abnormal/00000008.wav,id_02,slider,abnormal
212.64004300707919,56.16129951893845,1.363478020945337,0.018327983995084084,8.583965257281943e-05,0.011024588412648518,0.011934298267198967,0.03307376523794556,0.21393079663584766,1.8614979891393308,0.10687159700903269,0.13298933210140362,0.1275764891443994,0.32061479102709806,../../../dataset/mimii/slider/id_02/abnormal/00000128.wav,id_02,slider,abnormal
159.07156805397406,56.94548295671748,-0.7070019722281808,0.0036923700892140393,2.288633362757438e-05,0.0021159824744945025,0.0024678552160816844,0.006347947423483507,0.20730632883802808,1.8898610735924326,0.09203433012211798,0.17305629124534655,,0.27610299036635394,../../../dataset/mimii/slider/id_02/abnormal/00000016.wav,id_02,slider,abnormal
197.7190240131667,70.26082051557472,0.9590879652452687,0.013454793918774825,6.842743088080078e-05,0.008113054644061713,0.008338853388155211,0.02433916393218514,0.21652135837592362,1.8930787765394943,0.10484353482028268,0.12958053321416543,0.16293721900618274,0.314530604460848,../../../dataset/mimii/slider/id_02/abnormal/00000101.wav,id_02,slider,abnormal
447.8007486963234,117.52180764225675,-1.2241161384486177,0.08944727385474939,0.00020560287436402927,0.05143609671317684,0.05181538991164992,0.1543082901395305,0.22647625369684313,1.975767170380364,0.11179525443020127,0.11663324463818743,,0.3353857632906038,../../../dataset/mimii/slider/id_02/abnormal/00000178.wav,id_02,slider,abnormal
461.3161923602459,129.5810783742992,-1.1454711628797722,0.09629202401271642,0.00022336174142893232,0.05201013443567908,0.0634174852662393,0.15603040330703724,0.25223982396918887,2.1354876798171065,0.15022923378486933,0.14654394996650263,,0.450687701354608,../../../dataset/mimii/slider/id_02/abnormal/00000186.wav,id_02,slider,abnormal
202.34020355585255,59.76577991889897,1.2051756130365845,0.015462809229270244,7.656822807410904e-05,0.009299762935918963,0.009069597906301697,0.02789928880775689,0.21290465110511875,1.838076805006283,0.1058554261320146,0.14027821551755015,0.15426413810765374,0.3175662783960438,../../../dataset/mimii/slider/id_02/abnormal/00000141.wav,id_02,slider,abnormal
489.98110503544416,7.282231163266425,-1.1371261571047744,0.08908989619713552,0.00018134622219710095,0.04951617795284699,0.04894944451407892,0.14854853385854097,0.2422535905034078,2.0356532998969272,0.1070791828288063,0.1438493871107253,,0.3212375484864189,../../../dataset/mimii/slider/id_02/abnormal/00000263.wav,id_02,slider,abnormal
207.92577611756332,62.94253633716898,0.9174744546827003,0.01748859538577728,8.507238838670988e-05,0.010502438405771706,0.011135186053616335,0.03150731521731512,0.20784867739721574,1.8074007432533359,0.1037597087058695,0.13861751236761044,0.10337092487604833,0.3112791261176085,../../../dataset/mimii/slider/id_02/abnormal/00000083.wav,id_02,slider,abnormal
168.1070277680595,71.27695075561422,0.7558782299868143,0.010295904211921655,6.148233233584174e-05,0.005968462696579167,0.006531045118993612,0.0179053880897375,0.21325190287840576,1.8464223543452294,0.10862234502423752,0.14420807525367235,0.17904153740674342,0.3258670350727126,../../../dataset/mimii/slider/id_02/abnormal/00000065.wav,id_02,slider,abnormal
473.113252093139,92.82902731212774,-1.3248428974006323,0.1112663829121488,0.00024289754763944787,0.0511058726338264,0.06188597531003109,0.1533176179014792,0.2659858761206106,1.9838989035504349,0.10644804971834186,0.15540827568869559,,0.31934414915502557,../../../dataset/mimii/slider/id_02/abnormal/00000218.wav,id_02,slider,abnormal
502.325338635694,24.912274462545305,-1.4416346055661846,0.09950235425504386,0.00020730964449620156,0.05213323331752213,0.051975960726377314,0.1563996999525664,0.2589892274004388,2.0998856995634907,0.1267916695683396,0.12898672767588917,,0.3803750087050188,../../../dataset/mimii/slider/id_02/abnormal/00000233.wav,id_02,slider,abnormal
223.26376731071286,72.72944043274352,1.7038031047889939,0.01587036588081675,7.163900136476439e-05,0.009070501501555518,0.01008871883326528,0.027211504504666553,0.2142332745700805,1.8312931957561511,0.1074413844562515,0.13488391121109364,0.16962138883597938,0.3223241533687545,../../../dataset/mimii/slider/id_02/abnormal/00000161.wav,id_02,slider,abnormal
555.7402247666247,23.74602169516654,0.5335533243116314,0.053531030967233675,9.875733820798232e-05,0.028967192168089403,0.02906848823712119,0.0869015765042682,0.23664304576784012,1.9663753999492408,0.11014634039544104,0.15268085132998122,,0.3304390211863231,../../../dataset/mimii/slider/id_02/abnormal/00000204.wav,id_02,slider,abnormal
495.6042546244246,9.717955282187658,-1.4211736827951336,0.1007520099453565,0.00020650592769054036,0.05225869903213646,0.06140957493984173,0.15677609709640938,0.22356506715678598,1.9305618887682057,0.10908734659377887,0.10111353885304875,,0.3272620397813366,../../../dataset/mimii/slider/id_02/abnormal/00000237.wav,id_02,slider,abnormal
486.23992463135903,21.96766854344184,-0.5012585776479729,0.09905447728904539,0.0002083653686708608,0.05312913809283113,0.04925227418156364,0.1593874142784934,0.22140497594516065,1.8538776353231061,0.1139205113330906,0.15151276936659677,,0.3417615339992718,../../../dataset/mimii/slider/id_02/abnormal/00000245.wav,id_02,slider,abnormal
273.01850674839795,125.87742854294629,0.3343929641420257,0.047028889086459434,0.00018788785268108603,0.027703986137834376,0.02473589639534724,0.08311195841350313,0.2411802220222534,2.0388263068942187,0.10720849606474292,0.09564888055037081,0.09247964258487869,0.32162548819422876,../../../dataset/mimii/slider/id_02/abnormal/00000179.wav,id_02,slider,abnormal
231.83878734792955,175.2121533498183,1.2710485506006055,0.0134518214851884,6.419323450093618e-05,0.00690688226356887,0.0064448419689766235,0.02072064679070661,0.21436438483962098,1.7751873531100244,0.11175588916234132,0.15139247885729903,0.17965609804849123,0.33526766748702397,../../../dataset/mimii/slider/id_02/abnormal/00000130.wav,id_02,slider,abnormal
485.6341724076914,22.315535530382,1.1705185915063097,0.048043105504369306,0.00010134406613046684,0.027105996709351893,0.023772509464620513,0.08131799012805568,0.22231063068354193,1.9180446423744593,0.10656018430530564,0.13418183063305694,0.26314974517103695,0.3196805529159169,../../../dataset/mimii/slider/id_02/abnormal/00000228.wav,id_02,slider,abnormal
216.60034197727967,54.595392361776966,1.1980896122505595,0.016358477956517892,7.610884358340018e-05,0.009414561914677712,0.010236248650219808,0.028243685744033138,0.21058532406427188,1.8537167971615915,0.10487055740234301,0.13332805386543264,0.1392769044242681,0.314611672207029,../../../dataset/mimii/slider/id_02/abnormal/00000124.wav,id_02,slider,abnormal
177.82657126752173,62.03930795615295,0.3539527602539532,0.007412087345261672,4.18729758276703e-05,0.004449762622449223,0.004887412634523848,0.013349287867347667,0.20096669954055096,1.7344868980116028,0.1032027651308119,0.1369644229351375,0.10340674265366638,0.30960829539243573,../../../dataset/mimii/slider/id_02/abnormal/00000048.wav,id_02,slider,abnormal
159.10516008982475,56.37209095016418,0.5178359640855593,0.007864311034030649,4.949192367514749e-05,0.004731123973030348,0.004750402820308787,0.014193371919091046,0.19552315443934173,1.7131202289276795,0.08855217336227433,0.11741203801476924,0.1193005564862174,0.265656520086823,../../../dataset/mimii/slider/id_02/abnormal/00000058.wav,id_02,slider,abnormal
514.5535547932888,62.45822299890787,0.9860794777740675,0.10823906864112912,0.00022294657865477025,0.06264589138529557,0.061816455716048206,0.1879376741558867,0.23537438396066057,1.946971805344522,0.11647118158557263,0.15829748131506582,,0.3494135447567179,../../../dataset/mimii/slider/id_02/abnormal/00000190.wav,id_02,slider,abnormal
210.59133241903098,57.938053234500174,1.0121214319332943,0.01605302030637251,7.643668791817648e-05,0.008949515576311693,0.010053149005503402,0.02684854672893508,0.20868601868183626,1.8239353972066514,0.10067990455534094,0.11893812630976354,0.12086748489837909,0.30203971366602284,../../../dataset/mimii/slider/id_02/abnormal/00000107.wav,id_02,slider,abnormal
197.57146263765938,62.01098073305522,1.3029058847212196,0.014832135220583315,7.533955972719465e-05,0.008791790617287711,0.009615277607088472,0.026375371851863134,0.20400705383970122,1.7624615462415463,0.10397828541852691,0.130437138088719,0.12182878837127246,0.3119348562555807,../../../dataset/mimii/slider/id_02/abnormal/00000150.wav,id_02,slider,abnormal
192.5148762591356,61.971213424963004,0.5779974285674068,0.012136292051675317,6.340853243300844e-05,0.007203430350090648,0.007429273232242595,0.021610291050271943,0.20873382806892457,1.802713938595699,0.10350654185547295,0.13232146638811493,0.1293964824122278,0.3105196255664189,../../../dataset/mimii/slider/id_02/abnormal/00000077.wav,id_02,slider,abnormal
135.01387076067746,35.8122919336342,-0.405616833488035,0.0017638171133320367,1.2992421259148326e-05,0.001076570573655989,0.00129113334260286,0.0032297117209679673,0.22657195182436657,1.854153663648359,0.11470328372769224,0.11769604400806159,,0.34410985118307674,../../../dataset/mimii/slider/id_02/abnormal/00000022.wav,id_02,slider,abnormal
504.6411493232244,21.046835550252656,-0.8987578759737624,0.10612412263203772,0.0002197480332920323,0.05653601417163241,0.05699504379988453,0.16960804251489725,0.23594402988970456,1.9721986588260971,0.12456317140633291,0.13164149250915133,,0.37368951421899876,../../../dataset/mimii/slider/id_02/abnormal/00000265.wav,id_02,slider,abnormal
197.80195111827294,122.5976451499845,-0.14249543621846217,0.006789615454900039,3.5804294605556575e-05,0.0036574835892573395,0.004290324034048195,0.010972450767772018,0.20553911575776707,1.7423007153405612,0.10601024582893978,0.14530510369560906,0.20955263612925057,0.3180307374868193,../../../dataset/mimii/slider/id_02/abnormal/00000037.wav,id_02,slider,abnormal
203.33005471476017,68.02850337144963,1.540436134912111,0.01436439869441635,7.1034240202907e-05,0.008563006333251728,0.009225756950932574,0.025689018999755182,0.22120124043677056,1.8988241296959112,0.1090646419856508,0.14915021905481213,0.18616414528226746,0.3271939259569524,../../../dataset/mimii/slider/id_02/abnormal/00000176.wav,id_02,slider,abnormal
187.4854501306708,133.49355670665278,1.6416282750118587,0.010156672773536895,5.830346307823749e-05,0.005338212805493673,0.005435124802806338,0.016014638416481018,0.2302191217179949,1.8893893493740805,0.1255587426751069,0.1592905100944417,0.18173348450844123,0.37667622802532064,../../../dataset/mimii/slider/id_02/abnormal/00000144.wav,id_02,slider,abnormal
197.14885787035524,61.84111489692714,1.5561374069729095,0.014967599390453022,7.605971291841468e-05,0.008921004256639203,0.009495791219051182,0.026763012769917608,0.22544466462087046,1.9317254971648905,0.11577605687927027,0.14487653200650435,0.14412977083083411,0.3473281706378108,../../../dataset/mimii/slider/id_02/abnormal/00000133.wav,id_02,slider,abnormal
163.0249173828476,57.832970242870275,0.9252154292101642,0.009089342458600772,5.573559531944363e-05,0.005322553979620497,0.005826241544271029,0.015967661938861493,0.215972122122036,1.860029560515543,0.10524435942801584,0.14698243612506076,0.17432883712413988,0.3157330782840475,../../../dataset/mimii/slider/id_02/abnormal/00000076.wav,id_02,slider,abnormal
342.22544616997624,164.45535770585138,-0.5569238291365649,0.026635947411986223,8.194524051485496e-05,0.013848357639414487,0.014122255253008129,0.04154507291824346,0.23995165756317174,1.9518292223671252,0.135811557388307,0.19455402309822306,,0.407434672164921,../../../dataset/mimii/slider/id_02/abnormal/00000005.wav,id_02,slider,abnormal
168.36824985166268,103.37466386568939,0.6619467298590271,0.00767777607456094,4.8379762705476235e-05,0.004185455264165981,0.0041704483274171466,0.012556365792497942,0.2166791058480077,1.8558075350664645,0.11122947586037857,0.1455908039151504,0.14407018149292247,0.3336884275811357,../../../dataset/mimii/slider/id_02/abnormal/00000060.wav,id_02,slider,abnormal
240.01781706694595,165.29412660362365,0.30979782015876645,0.012213280805228452,5.5228822533015474e-05,0.006607823398470961,0.006582279219980831,0.019823470195412883,0.22422990342928828,1.8223794651345053,0.12143932435609095,0.14349621378786065,0.16978033043224763,0.36431797306827285,../../../dataset/mimii/slider/id_02/abnormal/00000055.wav,id_02,slider,abnormal
498.17113611963487,16.50582122094665,-1.118636867481264,0.11012724838233132,0.00022542047456651883,0.05988566567849925,0.06771941827512294,0.17965699703549776,0.24544857725673663,2.209212944259574,0.13288589249384053,0.1585165435270432,,0.3986576774815216,../../../dataset/mimii/slider/id_02/abnormal/00000193.wav,id_02,slider,abnormal
510.26677516957,37.10622930019629,0.302346295062961,0.059334631787746554,0.00011916099997647198,0.030956072672003013,0.030953829490123895,0.09286821801600904,0.23472280560145264,1.9581470681571513,0.11165244430309267,0.14604301582159537,,0.334957332909278,../../../dataset/mimii/slider/id_02/abnormal/00000256.wav,id_02,slider,abnormal
186.09980484073282,86.09217496599021,1.0606114499648882,0.010231612980558233,5.6320666010895295e-05,0.005086952912377306,0.004951523169983609,0.015260858737131918,0.22287622548194277,1.866187616005701,0.10916895972406127,0.14675257931646482,0.19983336674697702,0.3275068791721838,../../../dataset/mimii/slider/id_02/abnormal/00000069.wav,id_02,slider,abnormal
478.5482757547997,146.39942199162817,0.6768184032219673,0.06438853721252509,0.00014336553082189017,0.03417747247030192,0.034327101297235416,0.10253241741090577,0.23010115979979368,1.9947213954338445,0.1027250870778029,0.1372393764604596,0.10659780871960917,0.30817526123340866,../../../dataset/mimii/slider/id_02/abnormal/00000217.wav,id_02,slider,abnormal
229.00165135659688,45.049209318833604,0.6666749080740824,0.010245927943131722,4.4911325626784885e-05,0.0053638429407932755,0.005680126263213045,0.016091528822379825,0.20090259371400015,1.7725688323262039,0.09484025407959465,0.13790426065143985,0.15549947328060715,0.284520762238784,../../../dataset/mimii/slider/id_02/abnormal/00000047.wav,id_02,slider,abnormal
183.002472335758,62.4282270549288,-0.7691954587853184,0.0036074439245967985,2.054279116037845e-05,0.002128897140177606,0.002191019033081455,0.006386691420532818,0.240221661291352,2.060006108006678,0.11842298941544094,0.15354831676487105,0.15389819237157557,0.3552689682463228,../../../dataset/mimii/slider/id_02/abnormal/00000000.wav,id_02,slider,abnormal
485.85214085267614,83.723019961626,0.14653722668506772,0.09423557676670352,0.00020414819184499003,0.054277008573525506,0.05776001524850925,0.1628310257205765,0.23888462290076543,2.0017486241131994,0.09761261571651798,0.1253828298864979,,0.29283784714955396,../../../dataset/mimii/slider/id_02/abnormal/00000241.wav,id_02,slider,abnormal
501.20944770867607,18.49835042100053,-0.5074929229148881,0.10410591254448326,0.0002177775998315199,0.05449862613156897,0.06049954480799959,0.16349587839470692,0.2444970232750495,1.978365220350779,0.11767752455482433,0.17773016259761937,,0.353032573664473,../../../dataset/mimii/slider/id_02/abnormal/00000219.wav,id_02,slider,abnormal
474.4389836328945,11.6008742655134,1.3734381904878867,0.04810397499594733,0.0001038865106500483,0.02792633742980191,0.025565573348967363,0.08377901228940572,0.2198521392590754,1.865186718044621,0.1049220290983455,0.1475583036654291,0.21307938236272805,0.3147660872950365,../../../dataset/mimii/slider/id_02/abnormal/00000225.wav,id_02,slider,abnormal
154.82532240284516,56.988522022179374,0.7247880739166965,0.008241304826839158,5.3150926548150485e-05,0.0044068773854564775,0.004484414273217353,0.013220632156369433,0.19953949755669695,1.7225355683207109,0.0977948020017974,0.12305117132388299,0.13494927597355547,0.2933844060053922,../../../dataset/mimii/slider/id_02/abnormal/00000067.wav,id_02,slider,abnormal
187.15320650731672,68.73473985776639,0.6327625902084966,0.010963437205086142,5.8906266250085016e-05,0.006455236724925955,0.00674811972420151,0.019365710174777864,0.20196972207076425,1.7546638201186915,0.09600359364313613,0.12909460974661674,0.15144267829397892,0.28801078092940835,../../../dataset/mimii/slider/id_02/abnormal/00000074.wav,id_02,slider,abnormal
162.10608234944917,57.433966804141356,-0.2841715459024911,0.005524865466212281,3.395578169441367e-05,0.0033361684935575005,0.0036849608215505465,0.010008505480672501,0.1927389255550083,1.7119428650002932,0.09681137551603268,0.13022364494924543,0.14206913533646828,0.290434126548098,../../../dataset/mimii/slider/id_02/abnormal/00000041.wav,id_02,slider,abnormal
445.6141522318061,101.74429352610284,-1.3001897150081612,0.07914977377145628,0.0001824260124774971,0.04336216891092302,0.04732427863367406,0.13008650673276906,0.2422584275849946,2.0120665748108664,0.12743169799759013,0.16237844862981174,,0.3822950939927704,../../../dataset/mimii/slider/id_02/abnormal/00000232.wav,id_02,slider,abnormal
190.82051430975582,62.27590599911296,1.5580176280129057,0.015451689682480632,8.144157947782587e-05,0.008840174430968219,0.009274665082048203,0.026520523292904656,0.22358835268439545,1.9460714271921862,0.10645685056633111,0.1363253211994403,0.1280844755458728,0.3193705516989933,../../../dataset/mimii/slider/id_02/abnormal/00000156.wav,id_02,slider,abnormal
488.2260323988939,59.2440775967393,-1.0759491241275276,0.10384225876209734,0.00022477138916680064,0.05232741141053325,0.05236374689268095,0.15698223423159974,0.21505982441821894,1.9611219525557433,0.09563110107952989,0.11358014625119434,,0.2868933032385897,../../../dataset/mimii/slider/id_02/abnormal/00000205.wav,id_02,slider,abnormal
168.76685328610213,68.12145311101216,0.11373279564964381,0.009574003279458274,5.703172435515078e-05,0.005602378453501374,0.005587215844518904,0.016807135360504124,0.18985761125623357,1.6861995056380867,0.092146114625763,0.1324417358673079,0.14524051232819818,0.276438343877289,../../../dataset/mimii/slider/id_02/abnormal/00000059.wav,id_02,slider,abnormal
208.3969890150233,91.1467147230372,1.416303708982102,0.016235474517332944,8.159561856905823e-05,0.009438466657237465,0.009820022929165376,0.028315399971712396,0.21815806178759783,1.8877630022173855,0.10472544603027757,0.14200472853299057,0.1497806200545488,0.31417633809083273,../../../dataset/mimii/slider/id_02/abnormal/00000111.wav,id_02,slider,abnormal
160.54774706452778,68.51807547174546,0.04233408987054433,0.00430568106639378,2.6658734863906063e-05,0.0024027339528726417,0.0027808794373498508,0.007208201858617925,0.20797161112152548,1.8099759660214547,0.09728053859167206,0.1261587236433975,0.17427307071310522,0.29184161577501616,../../../dataset/mimii/slider/id_02/abnormal/00000029.wav,id_02,slider,abnormal
514.970190244869,74.95342225354197,0.5909875200140947,0.052851575096824754,0.00010695217156371368,0.029112520478275197,0.03062662801299452,0.08733756143482559,0.23771082167024785,1.9778148887677884,0.1184438396956758,0.14408329328123087,,0.3553315190870274,../../../dataset/mimii/slider/id_02/abnormal/00000230.wav,id_02,slider,abnormal
215.31293140365835,118.79127324072545,-0.660928312024912,0.013552150708642576,6.565772627128436e-05,0.007426150102360424,0.006978112762806519,0.022278450307081272,0.20579822790904947,1.7131626667152846,0.09253119654324896,0.10878421582681051,0.06440508278241865,0.2775935896297469,../../../dataset/mimii/slider/id_02/abnormal/00000013.wav,id_02,slider,abnormal
187.8603992361279,72.95737559562903,1.27668253062273,0.012685592940197636,6.841089729618839e-05,0.007208667413885554,0.0069230846277565485,0.021626002241656662,0.2201739513574592,1.8870463577618486,0.10760597971365378,0.13705429474672862,0.2137264619441167,0.32281793914096135,../../../dataset/mimii/slider/id_02/abnormal/00000097.wav,id_02,slider,abnormal
227.0890621991178,100.10627837510656,1.421386277156807,0.022264698369973336,0.00010254359825014765,0.013157225623088529,0.013894972885328916,0.03947167686926559,0.22553664824777483,1.9044012681331346,0.11746730155981888,0.1429897569308948,0.2472563002567508,0.35240190467945665,../../../dataset/mimii/slider/id_02/abnormal/00000159.wav,id_02,slider,abnormal
464.0488634276612,129.34446223485585,0.5718157399993573,0.08210588865963832,0.00018890714697137334,0.04197645492989515,0.04386898658589372,0.12592936478968544,0.2237047167170055,1.938458801319644,0.10985113054184902,0.15088167035088226,,0.32955339162554703,../../../dataset/mimii/slider/id_02/abnormal/00000215.wav,id_02,slider,abnormal
203.9490848778739,110.65693290987643,0.7866115219723978,0.014204099216409333,7.544798955370238e-05,0.008045750310090694,0.007644027844122135,0.02413725093027208,0.214261213422258,1.8188673928631367,0.10590877554092455,0.1366976959269142,0.20056977061812467,0.31772632662277367,../../../dataset/mimii/slider/id_02/abnormal/00000114.wav,id_02,slider,abnormal
220.898435997817,141.5413497646679,-0.0009674039040282076,0.013799348181756654,7.008637091948075e-05,0.00592017657785436,0.004703998289622927,0.01776052973356308,0.20359999137825913,1.7765563117156866,0.10120990368193544,0.1297539150460336,0.14332706443019613,0.3036297110458063,../../../dataset/mimii/slider/id_02/abnormal/00000035.wav,id_02,slider,abnormal
386.9165514674048,148.29771458974946,-0.28862383099359507,0.07811543916414922,0.00022112819025907834,0.04193586040926781,0.04472755649692496,0.12580758122780344,0.22015325093908686,1.8905782688331934,0.11505849593968759,0.16155567882233057,,0.34517548781906277,../../../dataset/mimii/slider/id_02/abnormal/00000185.wav,id_02,slider,abnormal
452.2458444155748,17.420581907774203,0.4851075861095762,0.044642741696766505,0.00010111834810476573,0.02437682878203225,0.023876577300859455,0.07313048634609676,0.2341736075475641,1.9810255647002877,0.10681869911759975,0.1703207684295988,,0.32045609735279923,../../../dataset/mimii/slider/id_02/abnormal/00000234.wav,id_02,slider,abnormal
469.921638402964,13.214961887350931,0.7530721358442927,0.05466437961753834,0.00011934772321702625,0.030360127068102486,0.028225678173693477,0.09108038120430746,0.23859703399167068,1.9948362192963722,0.1122349233519633,0.13656795820411385,0.06490915766758293,0.33670477005588995,../../../dataset/mimii/slider/id_02/abnormal/00000223.wav,id_02,slider,abnormal
458.02327383499915,97.22153401885785,-0.5720938795711634,0.0873418717013841,0.00019541235098294914,0.04724794559472829,0.0469074950146101,0.14174383678418487,0.23385316862765645,1.9687190098761425,0.1141918393185607,0.13251441901266683,,0.3425755179556821,../../../dataset/mimii/slider/id_02/abnormal/00000254.wav,id_02,slider,abnormal
539.2261464413252,31.181627866107736,-0.14095640620646652,0.10070633158406896,0.0002054473476462787,0.049344316043724884,0.05824373483281523,0.14803294813117465,0.1926352683728353,1.623610286428112,0.08532978610065543,0.16172232961360983,,0.2559893583019663,../../../dataset/mimii/slider/id_02/abnormal/00000187.wav,id_02,slider,abnormal
197.60962008087463,62.115293129078765,1.6727058873822567,0.0159235335857017,8.071402234337701e-05,0.008962549047803098,0.008999516469201876,0.026887647143409295,0.22357552929804853,1.9287379070260644,0.10568859103978454,0.1369831445076885,0.1501183552660735,0.3170657731193536,../../../dataset/mimii/slider/id_02/abnormal/00000126.wav,id_02,slider,abnormal
207.17108567983132,58.569328192364345,1.319775683585857,0.018519180012949315,8.890881540369191e-05,0.011032902338555693,0.011328003768442894,0.03309870701566708,0.2129182003805184,1.8577192336857882,0.1017448764179978,0.1360626600219295,0.16762263260118596,0.3052346292539934,../../../dataset/mimii/slider/id_02/abnormal/00000115.wav,id_02,slider,abnormal
456.51326034247677,137.2685184414503,-0.8643972749503391,0.09582872015652444,0.00023656125406515852,0.055816264307713366,0.07940402466868912,0.1674487929231401,0.31346701362861773,2.323613502117228,0.17158799206837877,0.1541226469745636,,0.5147639762051364,../../../dataset/mimii/slider/id_02/abnormal/00000262.wav,id_02,slider,abnormal
185.84387295162787,62.72853043448127,0.42759252654524776,0.014867061733983907,7.981267296349248e-05,0.008533287410886967,0.009285055395113616,0.025599862232660902,0.19906148535081605,1.720766395738015,0.10596245112614842,0.14668837124458897,0.20241988847693068,0.31788735337844526,../../../dataset/mimii/slider/id_02/abnormal/00000044.wav,id_02,slider,abnormal
202.2527246241729,64.23666942864405,1.466748444527321,0.014622389319521577,7.264531493014824e-05,0.008633564565008727,0.008933802163710414,0.02590069369502618,0.21625312288639356,1.8926470628943044,0.10817268412751553,0.13652406577800835,0.1346458077683249,0.3245180523825466,../../../dataset/mimii/slider/id_02/abnormal/00000167.wav,id_02,slider,abnormal
159.31124723470597,81.93873111106362,-0.09291695543363553,0.006582756108965956,4.271496137596723e-05,0.0030801096936443214,0.0024254675848273586,0.009240329080932964,0.19348846225935176,1.6608574182673224,0.09358580678579123,0.15445724374825928,0.3463898515271268,0.2807574203573737,../../../dataset/mimii/slider/id_02/abnormal/00000023.wav,id_02,slider,abnormal
283.3089941944606,200.78569671935904,-0.19479258081196724,0.016245108973115256,6.211110183223752e-05,0.008710695194691236,0.008880936887982903,0.02613208558407371,0.22829254711218766,1.8323883584649332,0.12585141346325227,0.15293977812605802,0.1771473129230056,0.3775542403897568,../../../dataset/mimii/slider/id_02/abnormal/00000050.wav,id_02,slider,abnormal
190.00320917047094,62.034350161296814,1.3275100133167683,0.014054167288209239,7.431083756185418e-05,0.008045663562790026,0.008230516791652457,0.02413699068837008,0.20954077823917322,1.8307072200304162,0.10000741547896744,0.12625782040968472,0.12613189289730944,0.30002224643690234,../../../dataset/mimii/slider/id_02/abnormal/00000169.wav,id_02,slider,abnormal
212.37100498355062,57.37503271922422,1.378279122971999,0.016957356752086775,7.955886316579069e-05,0.01022284562838182,0.010739344496669192,0.03066853688514546,0.21619165033746818,1.8657583173415084,0.1029237521084308,0.14204757602125082,0.1720575413303855,0.3087712563252924,../../../dataset/mimii/slider/id_02/abnormal/00000145.wav,id_02,slider,abnormal
174.3071173972583,61.21870271534009,-0.20125201997276024,0.004168842442419981,2.378279794461159e-05,0.002452270245580281,0.00275465329981622,0.007356810736740842,0.2051611283488732,1.8546602718357483,0.1012457235616547,0.1395600578339522,0.234791174761054,0.3037371706849641,../../../dataset/mimii/slider/id_02/abnormal/00000024.wav,id_02,slider,abnormal
202.57805112693285,71.63262310594763,1.240526611193842,0.014811066821750943,7.436795877571747e-05,0.00808622773145932,0.007850767802059662,0.02425868319437796,0.21001560210896594,1.837637081969688,0.1070490589277109,0.1313354948840633,0.1393276645838912,0.3211471767831327,../../../dataset/mimii/slider/id_02/abnormal/00000098.wav,id_02,slider,abnormal
245.44572298932133,168.48086324488804,0.160462355921796,0.013499069864802924,6.212020983999122e-05,0.006166386713445931,0.004844733957887072,0.018499160140337794,0.2279244392848125,1.8906028659882317,0.11986277655832356,0.15426011475786214,0.2278899467238846,0.3595883296749707,../../../dataset/mimii/slider/id_02/abnormal/00000018.wav,id_02,slider,abnormal
181.78943216444486,115.66303019942596,-0.4009382380464071,0.007941458908384047,4.6823679363822145e-05,0.0038139730953329148,0.0036886679633407805,0.011441919285998744,0.21865691440518986,1.8427362163575938,0.11451147889628373,0.14586946022030486,0.17814050062105544,0.3435344366888512,../../../dataset/mimii/slider/id_02/abnormal/00000054.wav,id_02,slider,abnormal
149.06899869076048,73.85064081145907,0.43785044807587475,0.004694797170841429,3.252601328866135e-05,0.002456107192154545,0.002394043734028362,0.007368321576463634,0.21399562413367337,1.87408685456474,0.11047471463905971,0.12503854772652792,0.12634117338310333,0.3314241439171791,../../../dataset/mimii/slider/id_02/abnormal/00000052.wav,id_02,slider,abnormal
447.83992557828384,65.50575048285825,0.7220771097485684,0.05419063566065419,0.0001238171383616228,0.02849514442493598,0.02652612747040911,0.08548543327480794,0.23024695443846727,1.946645914256202,0.10767063864361318,0.1178770098711396,0.1464111941367978,0.32301191593083955,../../../dataset/mimii/slider/id_02/abnormal/00000207.wav,id_02,slider,abnormal
208.02672562345526,127.95601927194872,0.7359288643174924,0.015518609911267675,7.778133146269249e-05,0.009365189942182207,0.00974861332066898,0.02809556982654662,0.21752125227332805,1.8550409632141474,0.10879742271431843,0.15999088613176274,0.1555325640815483,0.3263922681429553,../../../dataset/mimii/slider/id_02/abnormal/00000103.wav,id_02,slider,abnormal
511.55016917841624,25.877219715372714,0.48961196848502997,0.09396205977161955,0.00019341070333115106,0.0522567638687499,0.04971564152877803,0.15677029160624972,0.2269703732290684,1.8761191263575547,0.11548220305997058,0.17606699330090075,,0.3464466091799117,../../../dataset/mimii/slider/id_02/abnormal/00000221.wav,id_02,slider,abnormal
529.0066479258338,94.87934245739073,0.39622550334916107,0.06665206798490349,0.00013265567747695883,0.03611462260268595,0.0348152730590955,0.10834386780805785,0.21990904899496622,1.8682598577268634,0.10540258795498174,0.14104191470090613,,0.3162077638649452,../../../dataset/mimii/slider/id_02/abnormal/00000206.wav,id_02,slider,abnormal
262.78776366251645,115.0068340325256,0.9271895897111122,0.020536828310164852,8.2361332607542e-05,0.012048517070374212,0.012184647962071152,0.03614555121112263,0.220440269043449,1.8352453548303551,0.1083483167419747,0.14975807560468965,0.18972078081596835,0.3250449502259241,../../../dataset/mimii/slider/id_02/abnormal/00000120.wav,id_02,slider,abnormal
162.33145770333806,57.424731498686874,0.8330818827199195,0.008661396312661596,5.364073198375574e-05,0.004851612655680545,0.005104078136719009,0.014554837967041635,0.189939583340368,1.6749969290862399,0.09355707601966429,0.1198300210586119,0.1439161186541459,0.28067122805899286,../../../dataset/mimii/slider/id_02/abnormal/00000063.wav,id_02,slider,abnormal
157.5658887417484,66.82873044707561,0.5042713372338474,0.0073489078257919695,4.756580898623742e-05,0.004026457291937826,0.0046129708911431845,0.01207937187581348,0.22316079147833498,1.9116023787418897,0.1087218400033297,0.1239941717881288,0.12878270037118072,0.3261655200099891,../../../dataset/mimii/slider/id_02/abnormal/00000066.wav,id_02,slider,abnormal
208.60521044892434,93.52925108154707,0.7878822150917961,0.01439146591957467,7.146729967719118e-05,0.008199523007348596,0.00808953965765855,0.02459856902204579,0.20731005362471097,1.7869262772863952,0.09898054992963917,0.12756718495320976,0.1012297612048111,0.2969416497889175,../../../dataset/mimii/slider/id_02/abnormal/00000146.wav,id_02,slider,abnormal
154.1121969803934,76.24170078448192,-0.314569087885805,0.005447398985429536,3.744674687001469e-05,0.0027939364278817863,0.0022052823315026216,0.00838180928364536,0.2161168066669495,1.8740617201405794,0.11879947227606881,0.1392005612492158,,0.35639841682820644,../../../dataset/mimii/slider/id_02/abnormal/00000012.wav,id_02,slider,abnormal
225.7168706038466,104.33793643859975,0.7803169195170165,0.014837497904093012,6.99241238232348e-05,0.008103306666954548,0.007774133899086837,0.024309920000863645,0.2215108262882991,1.8730375485435602,0.11040037311272874,0.15086205356660284,0.14781076258398285,0.3312011193381862,../../../dataset/mimii/slider/id_02/abnormal/00000093.wav,id_02,slider,abnormal
506.7841847868539,64.63411832729186,-0.683529056762027,0.11105663788092361,0.00022801298852966273,0.06052510096222348,0.06096404842272377,0.18157530288667045,0.25595676246868704,2.0439581608593693,0.13080356273111587,0.3927087312487509,,0.3924106881933476,../../../dataset/mimii/slider/id_02/abnormal/00000210.wav,id_02,slider,abnormal
558.982674960513,30.63060863900143,0.7776058143417618,0.052266626116611314,9.63885862402505e-05,0.028848726604207262,0.028124205761759054,0.08654617981262179,0.22922441413258926,1.939459521067741,0.1101804368124089,0.13364236500152285,0.19049297173925783,0.3305413104372267,../../../dataset/mimii/slider/id_02/abnormal/00000198.wav,id_02,slider,abnormal
221.36313731580503,135.774482282295,0.65826601670343,0.015119417015674921,7.180629458719914e-05,0.008378989358052995,0.008275928316293956,0.025136968074158987,0.21521869477669858,1.771181578238967,0.11307758714858632,0.15294218015069078,0.15681604660599618,0.339232761445759,../../../dataset/mimii/slider/id_02/abnormal/00000095.wav,id_02,slider,abnormal
222.09680426761574,112.94709551788392,0.8350507240927859,0.016864130894691045,7.999251860886556e-05,0.009528231768105635,0.009856574684054764,0.028584695304316905,0.21670988709941838,1.830545631119283,0.11234943410202963,0.1510913823679571,0.1730658942532308,0.3370483023060889,../../../dataset/mimii/slider/id_02/abnormal/00000102.wav,id_02,slider,abnormal
352.68819506776225,133.9725282978328,1.2393057705253732,0.04491889107035714,0.00013311090889172927,0.02488449201583706,0.022478321582487783,0.07465347604751117,0.22815740788031308,1.9272364865437461,0.10791346426285899,0.13057337397271473,,0.32374039278857697,../../../dataset/mimii/slider/id_02/abnormal/00000183.wav,id_02,slider,abnormal
191.0369366158495,61.97299382838455,0.01670856058460283,0.0063833647642758794,3.31660766507242e-05,0.003941631009249794,0.004035427371476069,0.011824893027749382,0.20346094639270315,1.7806019712169447,0.09902949008873295,0.127131491601054,0.14284619221927833,0.29708847026619883,../../../dataset/mimii/slider/id_02/abnormal/00000031.wav,id_02,slider,abnormal
196.40572644663814,86.54166888582382,0.4685099105202045,0.008451685986875884,4.480784030261143e-05,0.004602786954406312,0.0039077496238931935,0.013808360863218936,0.20665736638818474,1.7684636464503178,0.10644342271619782,0.146180435259147,0.2641729451652045,0.31933026814859344,../../../dataset/mimii/slider/id_02/abnormal/00000038.wav,id_02,slider,abnormal
220.8971252879885,51.58079202432647,1.5766372189222986,0.022941948850435684,0.00010402850122694531,0.013337487206949898,0.0145927665642499,0.0400124616208497,0.21273577084084735,1.8366816749834887,0.10242162304664389,0.1329357534851681,0.15236420560972866,0.3072648691399317,../../../dataset/mimii/slider/id_02/abnormal/00000140.wav,id_02,slider,abnormal
255.79690592292033,160.51073374752485,0.5506760100496556,0.01731494298363533,7.329758368651003e-05,0.00989947384880965,0.010390176283548463,0.02969842154642895,0.22623134450708365,1.8227603712794824,0.11971292278847824,0.16506868484874546,0.2108784876033917,0.35913876836543474,../../../dataset/mimii/slider/id_02/abnormal/00000113.wav,id_02,slider,abnormal
471.6000450692481,83.94803040306488,-1.1028173078052819,0.07755856277285998,0.00017078834940107896,0.040158874675464196,0.03916027482610852,0.12047662402639259,0.21729328548221888,1.9910787881526746,0.09247479539827903,0.06715416664965133,0.08700477694390955,0.2774243861948371,../../../dataset/mimii/slider/id_02/abnormal/00000209.wav,id_02,slider,abnormal
494.62164313701743,79.30484788692016,0.07424559901452202,0.09993963149544602,0.00021530247499424585,0.05469657904646912,0.05615685791528959,0.16408973713940736,0.2337427311989307,1.9976898482660677,0.11043057973182507,0.12678512673873524,,0.3312917391954752,../../../dataset/mimii/slider/id_02/abnormal/00000258.wav,id_02,slider,abnormal
450.4360839152798,9.26994735160383,1.2470792841041813,0.03490371937861587,7.907453062768458e-05,0.019415133276873015,0.01678064181810645,0.05824539983061905,0.22998202083367378,1.9615368473684534,0.11348403478163001,0.13242088282216274,0.13422478655721598,0.34045210434489004,../../../dataset/mimii/slider/id_02/abnormal/00000192.wav,id_02,slider,abnormal
166.32250650478332,59.73514542944425,0.7680439051568735,0.010071430671630039,6.063089056630362e-05,0.006047761893487692,0.006600346724919078,0.018143285680463077,0.21248228426986807,1.848993961483233,0.10396650320590535,0.1338462146332858,0.23978580954159234,0.31189950961771606,../../../dataset/mimii/slider/id_02/abnormal/00000079.wav,id_02,slider,abnormal
332.00410573891236,196.11485094482234,0.09039776776173153,0.023737099901376745,7.734288704028216e-05,0.013028855531401809,0.013719233572278049,0.039086566594205424,0.2347952616232616,1.966666479898641,0.11659402668412479,0.14982446914229774,0.218714585201705,0.3497820800523744,../../../dataset/mimii/slider/id_02/abnormal/00000040.wav,id_02,slider,abnormal
174.99208653566544,61.34860137781491,0.5426733980654231,0.010881801568623882,6.170428253093924e-05,0.006416691808348239,0.006715349618419696,0.019250075425044717,0.19387346175366799,1.6939116947711437,0.09749717151273614,0.13924800691514966,0.09099621764532992,0.29249151453820843,../../../dataset/mimii/slider/id_02/abnormal/00000053.wav,id_02,slider,abnormal
424.3085975671718,122.01356940339527,-0.5406712560823433,0.08302510895443561,0.0002092430861798669,0.0437634280529211,0.04987429139688432,0.1312902841587633,0.23995590409851247,2.07196996490675,0.09425182608801687,0.1251467422290463,,0.2827554782640506,../../../dataset/mimii/slider/id_02/abnormal/00000194.wav,id_02,slider,abnormal
178.86520877314203,65.1393597968511,1.1412183605476884,0.012311050523608584,6.889080837587458e-05,0.007403654935684897,0.007930069871999904,0.02221096480705469,0.21049282431451688,1.8025893533851107,0.10762101333425803,0.13046609998777864,0.1470991924700894,0.3228630400027741,../../../dataset/mimii/slider/id_02/abnormal/00000129.wav,id_02,slider,abnormal
221.7346838701179,105.81543692841606,1.1094896403272387,0.017264963779588485,8.133251147775575e-05,0.00972084890967903,0.01061433361486842,0.029162546729037092,0.21550884196092598,1.85472183870069,0.10215137951418997,0.14358978679475384,0.13341541498969312,0.3064541385425699,../../../dataset/mimii/slider/id_02/abnormal/00000118.wav,id_02,slider,abnormal
186.3843270549601,81.37233737938695,0.3524821572064752,0.010026018387621523,5.5021399082636716e-05,0.005768267904935902,0.005936583682972938,0.017304803714807707,0.19906652787016568,1.75753518454865,0.10500149588681133,0.13390665203883423,0.14294500629532225,0.315004487660434,../../../dataset/mimii/slider/id_02/abnormal/00000100.wav,id_02,slider,abnormal
494.731550151157,52.483022828843254,-0.8966934002800592,0.10017833206516916,0.0002114822015643396,0.054956897835057555,0.053389119789258144,0.16487069350517267,0.2295780067167817,1.830742749457105,0.11971952398269875,0.14935582886914234,,0.35915857194809625,../../../dataset/mimii/slider/id_02/abnormal/00000238.wav,id_02,slider,abnormal
243.00309984464295,163.4573094757944,0.3497042024414457,0.015086911993779126,6.967464129149645e-05,0.008122616994480011,0.00795445587846632,0.024367850983440034,0.21895557858703063,1.8100087275480319,0.1096665794550802,0.14465615489600966,0.15527255802288617,0.3289997383652406,../../../dataset/mimii/slider/id_02/abnormal/00000045.wav,id_02,slider,abnormal
199.7638498264444,113.07106720005066,1.1070273592790287,0.012642819404554443,6.701195680556852e-05,0.0071335240678520265,0.00693377174566851,0.02140057220355608,0.22065511085889125,1.8912561968666008,0.1015732255298877,0.1391228805148995,0.07859273331749328,0.30471967658966315,../../../dataset/mimii/slider/id_02/abnormal/00000081.wav,id_02,slider,abnormal
203.8033716086733,59.86142748164965,0.9099213601648604,0.017242800790442082,8.42010850890644e-05,0.010559347812293523,0.011173105386990265,0.03167804343688057,0.21452940004620913,1.8706393541033384,0.11039701276080399,0.12167618982572975,0.08641074806431458,0.331191038282412,../../../dataset/mimii/slider/id_02/abnormal/00000117.wav,id_02,slider,abnormal
496.59158287833225,16.717974950849083,-1.183198416912711,0.11165268081944492,0.00023202810228169446,0.06158919950151851,0.07054177788945458,0.18476759850455554,0.23302358179306962,1.8491204495521063,0.10283890373993125,0.14623984698496548,,0.30851671121979374,../../../dataset/mimii/slider/id_02/abnormal/00000240.wav,id_02,slider,abnormal
178.08758594756904,68.77294441624117,0.0751564524445292,0.006070546519949695,3.485751537507939e-05,0.0034329895734970094,0.003883362511330211,0.010298968720491028,0.20821308380141104,1.853882293199171,0.10450286084910301,0.13554894112193813,,0.31350858254730907,../../../dataset/mimii/slider/id_02/abnormal/00000032.wav,id_02,slider,abnormal
204.72232961449103,85.3657117200204,1.638274995128521,0.012860760018958983,6.43024390612207e-05,0.007119053814240657,0.007576919161585802,0.02135716144272197,0.2159977515719532,1.8919416093667671,0.1088359053701614,0.1466820436401212,0.16614223815302087,0.3265077161104842,../../../dataset/mimii/slider/id_02/abnormal/00000122.wav,id_02,slider,abnormal
402.230562111308,207.49031678072214,-1.0683570893739072,0.02426437159189234,6.673462798361159e-05,0.012037626777788392,0.01232228355866906,0.036112880333365176,0.21895118030128669,1.8523887254119369,0.11339601240028231,0.13968579046863136,0.12123378098608659,0.34018803720084695,../../../dataset/mimii/slider/id_02/abnormal/00000001.wav,id_02,slider,abnormal
469.4042468149821,86.08189521918199,-1.4617636457990164,0.09305224727132318,0.0002127688666390502,0.05018341991323294,0.04766301407039756,0.15055025973969882,0.23903445996431244,2.0090533023687858,0.1360318997872911,0.1481350617854933,,0.4080956993618733,../../../dataset/mimii/slider/id_02/abnormal/00000253.wav,id_02,slider,abnormal
271.3188931354498,188.60474462515143,-0.006752959880912901,0.017598234204707606,7.012289385596329e-05,0.009763006895720966,0.009622252903189746,0.029289020687162895,0.20017707372679822,1.730333034338507,0.09954024746213415,0.14529471043319836,0.2054621379305677,0.29862074238640246,../../../dataset/mimii/slider/id_02/abnormal/00000036.wav,id_02,slider,abnormal
388.6771639286658,177.44900716710853,0.46392384531714814,0.08087816685652924,0.00022352327337005998,0.05038996598827678,0.05684985796071813,0.15116989796483035,0.22984242196099855,1.99304244085689,0.12038712061513208,0.18119359568670226,0.2847100810580956,0.36116136184539627,../../../dataset/mimii/slider/id_02/abnormal/00000211.wav,id_02,slider,abnormal
267.22444659937383,157.91956655538166,-0.2592934523152497,0.015443964550869861,6.359608832622045e-05,0.008053187060655689,0.007851973102939207,0.024159561181967066,0.21150665104399555,1.7765498003975597,0.11213720644316211,0.16199407651526482,0.18346766769101686,0.3364116193294863,../../../dataset/mimii/slider/id_02/abnormal/00000025.wav,id_02,slider,abnormal
198.98381235555303,61.78065975313713,1.3777785277354213,0.01629570831137372,8.178676590618288e-05,0.009647790074360507,0.010168608989791607,0.02894337022308152,0.22096348955578737,1.9107497434028067,0.10376339722972627,0.1340529801344807,0.13317566802444647,0.3112901916891788,../../../dataset/mimii/slider/id_02/abnormal/00000148.wav,id_02,slider,abnormal
329.1475661798624,153.65269792039376,-0.4696959222658345,0.01820181743840348,5.891652210998997e-05,0.00946393632087397,0.009181397774194537,0.02839180896262191,0.23825973079172222,1.963634157423722,0.11840782327814857,0.1881886682251301,,0.3552234698344457,../../../dataset/mimii/slider/id_02/abnormal/00000027.wav,id_02,slider,abnormal
165.4611393084271,65.60213491077596,0.6384745892314134,0.005282129707363184,3.2237588239923266e-05,0.0029717377738309654,0.0031133478937000864,0.008915213321492896,0.209239043582824,1.8444114804513687,0.10411849842894921,0.1360882788452642,0.15187392056906301,0.31235549528684764,../../../dataset/mimii/slider/id_02/abnormal/00000082.wav,id_02,slider,abnormal
480.0633440199256,47.03818004168813,1.1922031813982983,0.04704631728463267,0.0001005275028314888,0.027113006142711695,0.024141774976477674,0.08133901842813508,0.2257893298478921,1.9552257362049072,0.10626593255784045,0.1321991687337166,0.13167323502179992,0.31879779767352134,../../../dataset/mimii/slider/id_02/abnormal/00000202.wav,id_02,slider,abnormal
210.77011223240353,120.06646076594929,1.9686073788223617,0.010317028301596415,5.251856835888711e-05,0.005568404948546723,0.005337783488474025,0.01670521484564017,0.2185967018220414,1.8570719447233437,0.11020989446749485,0.14065287856396191,0.13486605506877608,0.33062968340248455,../../../dataset/mimii/slider/id_02/abnormal/00000163.wav,id_02,slider,abnormal
210.3151042179119,57.66732527326086,1.431775849766428,0.01711885212809696,8.135220916766555e-05,0.009975743252512449,0.010861483779977634,0.029927229757537345,0.20424742825809528,1.7865576985075822,0.09874963471218927,0.1310781479269028,0.14222932459088966,0.2962489041365678,../../../dataset/mimii/slider/id_02/abnormal/00000158.wav,id_02,slider,abnormal
435.22556775689407,53.28066637389986,0.288600335987072,0.04609447197823772,0.00010884857567298027,0.025994639445940285,0.025153048886893105,0.07798391833782085,0.20548703992086786,1.7792720333350591,0.09032592439082571,0.1125486644128193,,0.2709777731724771,../../../dataset/mimii/slider/id_02/abnormal/00000229.wav,id_02,slider,abnormal
485.19299288702535,69.76135710148021,-1.2763770081088521,0.09902516597525697,0.00021042963965318078,0.05516485746743883,0.06239527560118093,0.1654945724023165,0.2630957470104681,2.050090058937768,0.1363127103734923,0.07971707460302703,,0.4089381311204769,../../../dataset/mimii/slider/id_02/abnormal/00000239.wav,id_02,slider,abnormal
171.48073617523448,77.99744127380521,0.382502041097578,0.0049741938011984045,2.998433052094739e-05,0.0028771964016642854,0.0028205512606428416,0.008631589204992856,0.20148491033675772,1.7562057206711037,0.1031566894634981,0.11754156536288632,0.3116023407796676,0.3094700683904943,../../../dataset/mimii/slider/id_02/abnormal/00000039.wav,id_02,slider,abnormal
501.797920308016,18.98043189106262,-1.1249399735853896,0.0982906770534735,0.00020105229710289522,0.05484509486700056,0.0537171775376704,0.16453528460100167,0.23976808056253687,1.9429366740269582,0.11495350745836709,0.11666249972312552,,0.3448605223751013,../../../dataset/mimii/slider/id_02/abnormal/00000212.wav,id_02,slider,abnormal
209.9607325126413,125.9698732968933,0.9763696109412613,0.013195094994162335,6.679973302751943e-05,0.007148382608878138,0.007563116871914806,0.021445147826634415,0.21852061798721475,1.8636839702597834,0.10967734675651485,0.13537506770384186,0.15157532906037136,0.3290320402695445,../../../dataset/mimii/slider/id_02/abnormal/00000084.wav,id_02,slider,abnormal
192.270227011343,64.04267332779642,0.955500338902919,0.013743494106224665,7.19792925434344e-05,0.007852853817987261,0.008064277641070127,0.023558561453961784,0.22354980368444946,1.9447537022999264,0.10931235111693723,0.1493374535688671,0.14026347448970683,0.3279370533508117,../../../dataset/mimii/slider/id_02/abnormal/00000105.wav,id_02,slider,abnormal
464.86817225222717,125.68167091349729,-1.4318706064982345,0.10578091395899561,0.0002408326431332958,0.054519214658686845,0.05979188159087114,0.16355764397606054,0.22148707001726572,1.8080145527663443,0.1259359792084166,0.2125260846491501,,0.3778079376252498,../../../dataset/mimii/slider/id_02/abnormal/00000247.wav,id_02,slider,abnormal
493.5716650727477,67.67369415888564,-1.0589710537456416,0.10745496779367197,0.00022741028222422537,0.05874257779465263,0.06820376040628545,0.1762277333839579,0.23849260990176294,1.911276432464706,0.12000648213278929,0.09508893879040099,,0.36001944639836786,../../../dataset/mimii/slider/id_02/abnormal/00000249.wav,id_02,slider,abnormal
471.40777545917655,100.22019062890026,-1.4368785604176644,0.09826700867325087,0.00021908565156668802,0.052192156118631476,0.0507612125875255,0.15657646835589442,0.2533693427999428,2.045799173485779,0.14600432499058905,0.2263414223716047,,0.43801297497176717,../../../dataset/mimii/slider/id_02/abnormal/00000231.wav,id_02,slider,abnormal
189.0397066270964,67.62264356165633,0.8563097009278435,0.01167252742567118,6.229124636815803e-05,0.00706738906929508,0.007339089139079568,0.02120216720788524,0.21587311569996603,1.8536956697527915,0.10631509867492306,0.13095550500706948,0.1412961707757405,0.3189452960247692,../../../dataset/mimii/slider/id_02/abnormal/00000085.wav,id_02,slider,abnormal
218.05532173415725,115.27222697698963,1.7987023748151967,0.01250309516863786,6.02401489911346e-05,0.0072872764960083495,0.007129698350899175,0.02186182948802505,0.21735570002003382,1.8447802499498736,0.1109951281341808,0.1457011494498361,0.17466368315956973,0.33298538440254244,../../../dataset/mimii/slider/id_02/abnormal/00000174.wav,id_02,slider,abnormal
273.6101188236077,161.9865281710154,-0.398839990829361,0.015124282492893834,6.159419352211974e-05,0.008618782579534882,0.008655451465085064,0.025856347738604644,0.2262618306752742,1.890253387744777,0.11403723888831374,0.14900159011418168,0.15863160779720806,0.3421117166649412,../../../dataset/mimii/slider/id_02/abnormal/00000030.wav,id_02,slider,abnormal
195.32991312509338,61.8323806383152,-0.40339340429433407,0.004782827481439655,2.4549066946549478e-05,0.00290593426012274,0.0029060400474887264,0.00871780278036822,0.2054107077520501,1.8096090131155447,0.091564639688085,0.16381691160304204,,0.274693919064255,../../../dataset/mimii/slider/id_02/abnormal/00000007.wav,id_02,slider,abnormal
208.6974000007385,58.755490847828604,1.421420140718686,0.015587154024882508,7.441991577196028e-05,0.009282743406767425,0.00944827165627365,0.027848230220302275,0.21469729689012643,1.8733576022420348,0.10885393799313285,0.13490031390968996,0.13699978658163042,0.32656181397939854,../../../dataset/mimii/slider/id_02/abnormal/00000153.wav,id_02,slider,abnormal
222.26496867877395,107.08673137224322,0.8500577678921133,0.017609295839111354,8.228581919657e-05,0.01043881599946361,0.010064193101605704,0.031316447998390826,0.20458551677492484,1.751058356559049,0.09900592733243237,0.13093666177298716,0.16535691282184276,0.2970177819972971,../../../dataset/mimii/slider/id_02/abnormal/00000125.wav,id_02,slider,abnormal
558.2805582368297,25.034205688621437,0.9315430087273551,0.0557122754974079,0.0001022262770156881,0.0313349866373611,0.030295359222193716,0.0940049599120833,0.22774385073829728,1.9278567972397933,0.11068618945476166,0.12700939653577284,0.19736335945928535,0.332058568364285,../../../dataset/mimii/slider/id_02/abnormal/00000188.wav,id_02,slider,abnormal
283.045506884025,157.39973346451828,0.45078588264396036,0.019697960282185484,7.655385172893361e-05,0.010355883955759154,0.010371643642228558,0.03106765186727746,0.22324990111931775,1.8191230812278312,0.112972453544351,0.17766658767576854,0.19923452452384466,0.338917360633053,../../../dataset/mimii/slider/id_02/abnormal/00000042.wav,id_02,slider,abnormal
219.72534440135684,52.3743978504057,1.7010846014565653,0.019043973562599143,8.723692654454812e-05,0.010994488756123057,0.012091677217366427,0.03298346626836917,0.2127399029019684,1.8571923008274187,0.10232603733356944,0.13619830452800738,0.1620247763075869,0.30697811200070835,../../../dataset/mimii/slider/id_02/abnormal/00000162.wav,id_02,slider,abnormal
500.6695191893329,45.837017105681774,0.3735655729279606,0.0945893014217679,0.00019738288987581503,0.04859084147694123,0.04551591018804565,0.1457725244308237,0.22668681820176936,1.9772997740944245,0.11570467945424265,0.15590388424013396,,0.3471140383627279,../../../dataset/mimii/slider/id_02/abnormal/00000200.wav,id_02,slider,abnormal
195.2750639031488,62.37268010528487,1.4232466946765907,0.01407726344474237,7.22232855753482e-05,0.008232688230061356,0.008449945647974313,0.02469806469018407,0.22164864381399968,1.9229439103310555,0.1104064293984538,0.1372452303545875,0.13005676051930662,0.3312192881953614,../../../dataset/mimii/slider/id_02/abnormal/00000142.wav,id_02,slider,abnormal
547.6345952164365,70.47346233724564,0.35501693501266934,0.05852028819434218,0.00011143227544980736,0.03148316339987251,0.03182484286115111,0.09444949019961754,0.22925979394210075,1.947987593511183,0.1065807898560021,0.14212197319423014,0.13963010206453363,0.3197423695680063,../../../dataset/mimii/slider/id_02/abnormal/00000189.wav,id_02,slider,abnormal
154.57546011431984,54.64551889565498,0.8921947285606788,0.007862630479425078,5.05353122989273e-05,0.004519385350623249,0.005116196579623916,0.013558156051869746,0.21827877993758962,1.9015212835829145,0.10717403055983421,0.1515078230950456,0.1638422260495074,0.32152209167950263,../../../dataset/mimii/slider/id_02/abnormal/00000068.wav,id_02,slider,abnormal
474.19220262419987,107.78326461476917,-1.186845672909158,0.10514727300588743,0.00023631815712230923,0.05718152747148451,0.05623958737709006,0.17154458241445353,0.1998387604471557,1.8318597719866723,0.0915972542474018,0.12750697905774802,,0.2747917627422054,../../../dataset/mimii/slider/id_02/abnormal/00000246.wav,id_02,slider,abnormal
229.77058785578504,44.30367363705695,1.5951519848306384,0.02157624876675653,9.392930789668895e-05,0.012727672962060326,0.013610670330554383,0.038183018886180975,0.20580309032322197,1.8028705200031252,0.09913758915152796,0.13454388482081572,0.16928512207436178,0.2974127674545839,../../../dataset/mimii/slider/id_02/abnormal/00000152.wav,id_02,slider,abnormal
204.9275744955653,59.86237268052054,1.4793640284879004,0.016283007260846596,7.898908160190596e-05,0.009240899505000953,0.010130818096204669,0.027722698515002857,0.2216791892710405,1.9100229117873722,0.10398330222440166,0.1367426979000713,0.13629875132797617,0.311949906673205,../../../dataset/mimii/slider/id_02/abnormal/00000177.wav,id_02,slider,abnormal
184.16469487186913,122.03943265019768,0.9262704625599518,0.08359775281479842,0.0004928430322841956,0.053450425330339134,0.0680750517290879,0.1603512759910174,0.2190338011975522,1.9530022336538244,0.10934368316698038,0.12320680382059887,,0.32803104950094114,../../../dataset/mimii/slider/id_02/abnormal/00000191.wav,id_02,slider,abnormal
514.4786557024321,24.70172204095984,-0.7643909043646074,0.08947248944200492,0.0001772098114840906,0.051643554948177704,0.049840579843717585,0.1549306648445331,0.21882730061800865,1.8393654081108215,0.10419312146025332,0.1482635946385735,0.22008905001226642,0.31257936438075995,../../../dataset/mimii/slider/id_02/abnormal/00000203.wav,id_02,slider,abnormal
497.21811299892215,15.202316986435859,-1.2175289920820096,0.1085848253630363,0.00022505955103969258,0.060939178718648346,0.061807825541540254,0.18281753615594504,0.21673633653429167,1.8039771181429896,0.10310904917568087,0.16903215279798653,,0.3093271475270426,../../../dataset/mimii/slider/id_02/abnormal/00000227.wav,id_02,slider,abnormal
482.6470845806704,31.862977728418514,0.8830980420930045,0.05128780274542905,0.00010803068817571737,0.029364119368787793,0.02831866719710922,0.08809235810636337,0.23045264742095428,1.9578041651348401,0.11367675395384681,0.15036872722220884,0.22595671005961732,0.34103026186154045,../../../dataset/mimii/slider/id_02/abnormal/00000216.wav,id_02,slider,abnormal
181.08890529670933,67.5460404949386,1.4295959895581638,0.012391227796157164,6.843660887504823e-05,0.0074025809073822325,0.0076506332941540306,0.0222077427221467,0.21141689389262747,1.8365493537935835,0.10806590813319553,0.13641668164400442,0.15352116675103009,0.3241977243995866,../../../dataset/mimii/slider/id_02/abnormal/00000157.wav,id_02,slider,abnormal
204.33561204570145,65.07462155591963,1.0096562887644536,0.01422560578006423,7.029620011807068e-05,0.008452369295045144,0.008823192201424853,0.025357107885135434,0.21696178796890853,1.8884353275964356,0.105638184744584,0.14471168110542323,0.20446231718264649,0.31691455423375203,../../../dataset/mimii/slider/id_02/abnormal/00000108.wav,id_02,slider,abnormal
526.3662373892869,34.0011523653313,-0.3275910585155533,0.11659808874361167,0.00023964608260477042,0.0637335934030383,0.06349342951089587,0.1912007802091149,0.24856131660706682,1.9818665400906943,0.14418835255065104,0.2116194499779109,,0.43256505765195313,../../../dataset/mimii/slider/id_02/abnormal/00000199.wav,id_02,slider,abnormal
491.6861847248386,28.998303981527076,1.2101535447335994,0.04421153182380194,9.1192657623586e-05,0.025323667359032097,0.02356063376867272,0.07597100207709628,0.23221003730920656,1.9711273854662184,0.11132581492609524,0.1598248412890318,,0.3339774447782857,../../../dataset/mimii/slider/id_02/abnormal/00000224.wav,id_02,slider,abnormal
183.11713624475308,62.15930556620745,1.5260611787551468,0.012285237227392791,6.692606427559963e-05,0.007021366631589017,0.007660822132886336,0.021064099894767048,0.20948951196947646,1.824958638504806,0.10155625958834649,0.13366339391883647,0.14710195413635188,0.3046687787650395,../../../dataset/mimii/slider/id_02/abnormal/00000135.wav,id_02,slider,abnormal
167.34825232405097,68.85310877197755,0.9004761198288118,0.00967485080280836,5.8076976319975153e-05,0.00564196041346748,0.005158830927006999,0.01692588124040244,0.2084989964808353,1.7634005383229872,0.112517101213859,0.13793558208607828,0.14109317504851993,0.337551303641577,../../../dataset/mimii/slider/id_02/abnormal/00000049.wav,id_02,slider,abnormal
208.93795714997685,65.47525007412288,1.6398855996473742,0.015704140609072836,7.54770390003747e-05,0.009188795750849367,0.009411793398617313,0.027566387252548098,0.20669531193278082,1.8193006471838826,0.10273668984485773,0.13965978759876455,0.18835145130553008,0.3082100695345732,../../../dataset/mimii/slider/id_02/abnormal/00000151.wav,id_02,slider,abnormal
492.333042425302,112.99730858219905,0.09779308072627776,0.10603167027187334,0.00023119946252564194,0.05498747986132113,0.06700256530796293,0.1649624395839634,0.2537833695921009,2.079930117549253,0.12948408542471007,0.2133938024445369,,0.3884522562741302,../../../dataset/mimii/slider/id_02/abnormal/00000242.wav,id_02,slider,abnormal
262.540350597059,122.59515601021978,0.6225050720719163,0.019035623817838982,7.71168012121154e-05,0.010986878261704636,0.01153523292188367,0.03296063478511391,0.22150559883653903,1.808907077965969,0.11477424971433488,0.15460567658683494,0.19612054772851856,0.34432274914300465,../../../dataset/mimii/slider/id_02/abnormal/00000096.wav,id_02,slider,abnormal
248.52101336771153,108.35630420953652,-0.9119296716424242,0.012375443112389656,5.2243969058392966e-05,0.006603565303630699,0.0068270728958626575,0.019810695910892098,0.21228106376138614,1.8287644577842237,0.10044473129748736,0.1378629536737375,0.18145639141313213,0.3013341938924621,../../../dataset/mimii/slider/id_02/abnormal/00000014.wav,id_02,slider,abnormal
194.8385218525951,61.72543592972387,0.9818334762411696,0.013961062889750521,7.188117540487655e-05,0.00815085023394201,0.008975870513267658,0.024452550701826028,0.2107753291773205,1.8256906281697562,0.10326188088320719,0.1366795829353886,0.18633839758791945,0.30978564264962155,../../../dataset/mimii/slider/id_02/abnormal/00000072.wav,id_02,slider,abnormal
484.1993427846702,127.99010210868458,0.31262385877329135,0.09136439446458024,0.00021096323173978458,0.05028061129770231,0.05932028404734376,0.15084183389310693,0.23778072211150764,2.0185454049467593,0.12177477326547924,0.19690156649187782,,0.3653243197964377,../../../dataset/mimii/slider/id_02/abnormal/00000236.wav,id_02,slider,abnormal
179.2752552206855,64.09916652045517,1.0307679088267618,0.011879064150225199,6.63062462547702e-05,0.007113727609493742,0.00766564730791475,0.02134118282848123,0.20600142718541295,1.7852288756625694,0.098700404401927,0.1261097028495097,0.13490127806951702,0.296101213205781,../../../dataset/mimii/slider/id_02/abnormal/00000121.wav,id_02,slider,abnormal
189.44753087241892,71.28442388907966,0.3204673764442101,0.006705249567042266,3.5718375517206e-05,0.0034856631229438326,0.0035627482927939698,0.010456989368831498,0.21229644967063366,1.8111996111125999,0.09752690398329714,0.13827413422932885,0.2494331074576881,0.29258071194989144,../../../dataset/mimii/slider/id_02/abnormal/00000043.wav,id_02,slider,abnormal
509.2904777712715,75.2197070973232,-0.608303054524694,0.10085282808488794,0.00021323485251827478,0.05294121396436431,0.054576731469935844,0.15882364189309295,0.23735011550032228,1.97054209220854,0.14046366361501947,0.14325495772953584,,0.4213909908450584,../../../dataset/mimii/slider/id_02/abnormal/00000243.wav,id_02,slider,abnormal
251.08133483532492,196.21432248502157,0.23156648324237583,0.011852328425108739,5.257992729001142e-05,0.006050745821284015,0.005271979192853915,0.018152237463852045,0.24092871463444077,1.879343486514276,0.13576069295784335,0.16258188663171436,0.17188675402062856,0.4072820788735301,../../../dataset/mimii/slider/id_02/abnormal/00000057.wav,id_02,slider,abnormal
200.1042554482007,93.38848107079868,1.1384304971336392,0.018136617595352816,9.265918450753182e-05,0.01062118615445343,0.011187773564918228,0.031863558463360295,0.2190625363496014,1.8745816442982701,0.10791371472381026,0.14606944752792733,0.18393739159853353,0.32374114417143074,../../../dataset/mimii/slider/id_02/abnormal/00000160.wav,id_02,slider,abnormal
198.9173899718419,62.972481362953225,1.0557945286379047,0.016570233330803725,8.293432790548175e-05,0.009831778820955478,0.01061428426832911,0.029495336462866437,0.20806632633267838,1.8263675861683188,0.10248134400838643,0.134296053455828,0.15969291510954517,0.3074440320251593,../../../dataset/mimii/slider/id_02/abnormal/00000091.wav,id_02,slider,abnormal
497.6271213041743,63.69360054412112,-0.5223873547732061,0.10451026288467315,0.0002210806813963972,0.05421637388310217,0.05479251930678879,0.1626491216493065,0.20482858589409572,1.8122268053655597,0.11923765740331509,0.14077631658411188,,0.35771297220994525,../../../dataset/mimii/slider/id_02/abnormal/00000222.wav,id_02,slider,abnormal
182.62698580920932,70.31326970715124,1.322529986446442,0.01311211150140549,7.205980786083851e-05,0.007718970985096757,0.008412124654119104,0.023156912955290272,0.2105153496695709,1.848769262966731,0.1067443248615011,0.13235122156227114,0.16311136447690064,0.3202329745845033,../../../dataset/mimii/slider/id_02/abnormal/00000127.wav,id_02,slider,abnormal
498.34890484377996,71.05386398643948,0.3093043885175845,0.10071388766780917,0.00021555853625344323,0.054581106190231876,0.05526871811952545,0.16374331857069563,0.24673435604336125,2.0577625840517944,0.1186682046673269,0.12271737609524982,,0.3560046140019807,../../../dataset/mimii/slider/id_02/abnormal/00000226.wav,id_02,slider,abnormal
186.99529224037263,63.2032112034039,1.3354035168169378,0.0114278682833373,6.097207747702023e-05,0.006827470388434878,0.0070913146013724835,0.020482411165304637,0.21658730814673202,1.8861356319227864,0.10668427039774112,0.13881361066868916,0.16296635430070683,0.3200528111932234,../../../dataset/mimii/slider/id_02/abnormal/00000166.wav,id_02,slider,abnormal
212.94190917765854,58.7295606601947,1.600979050861954,0.017710867240199008,8.353999965538233e-05,0.01029263184332313,0.009942522998446522,0.03087789552996939,0.2160410324077572,1.8631419689933462,0.10083655175367408,0.1393038851872682,0.19746945965223542,0.30250965526102225,../../../dataset/mimii/slider/id_02/abnormal/00000175.wav,id_02,slider,abnormal
214.74030436904167,55.48289792788028,1.096126814944074,0.01884493822924618,8.757312158194975e-05,0.01089808051858253,0.01178627316069187,0.03269424155574759,0.199264174791064,1.7362097741850053,0.1014536497468737,0.13556432852821299,0.16149743552344586,0.30436094924062107,../../../dataset/mimii/slider/id_02/abnormal/00000099.wav,id_02,slider,abnormal
259.71282383523027,189.3944961810545,0.5442408461797921,0.013911250530997166,5.777847551318994e-05,0.007451769979762429,0.007548094266910473,0.022355309939287287,0.2234901155495585,1.7882700892089496,0.12259975755375153,0.16487509102289574,0.23524429057510132,0.3677992726612546,../../../dataset/mimii/slider/id_02/abnormal/00000086.wav,id_02,slider,abnormal
178.18993095830115,62.994146345240395,0.6154131873395237,0.0071812833787690345,4.0127183284637166e-05,0.004046477126600975,0.004492476148577959,0.012139431379802924,0.21204568378335067,1.835681620993042,0.10937329415171203,0.14532219781749334,0.2297763836090237,0.32811988245513607,../../../dataset/mimii/slider/id_02/abnormal/00000078.wav,id_02,slider,abnormal
153.05225620835185,52.67549723339528,1.237087177007464,0.00771902071728184,5.074723874042049e-05,0.004314214686208542,0.004786977716454172,0.012942644058625625,0.21039102589143013,1.8147621319938767,0.10120547982246471,0.12007376522965034,0.12767651803359395,0.30361643946739414,../../../dataset/mimii/slider/id_02/abnormal/00000110.wav,id_02,slider,abnormal
180.0716252397319,61.93669575133603,0.87015895212525,0.012302171221496036,6.866936748641584e-05,0.006972642962674597,0.006998029183843545,0.020917928888023792,0.2166718184959121,1.872857349774419,0.11163644639930123,0.14050796165538634,0.18903195551794919,0.33490933919790367,../../../dataset/mimii/slider/id_02/abnormal/00000090.wav,id_02,slider,abnormal
208.38401577699503,66.15637431389408,1.5314665619364967,0.012121625957375318,5.900725136096622e-05,0.00700225884089749,0.0071945369994441425,0.02100677652269247,0.208074509642478,1.8181768172110782,0.10085027213881832,0.13605091742096237,0.15113709200046027,0.302550816416455,../../../dataset/mimii/slider/id_02/abnormal/00000149.wav,id_02,slider,abnormal
209.408816578507,71.78381770410331,1.4858926476722092,0.014824104094754363,7.173663092366679e-05,0.008653639970471852,0.00867446356115623,0.025960919911415553,0.20784893653605424,1.8169503254821397,0.10435006996971131,0.1323956104107983,0.1820179567744247,0.31305020990913396,../../../dataset/mimii/slider/id_02/abnormal/00000116.wav,id_02,slider,abnormal
493.8438626015845,50.83254498383167,-1.2225299863786763,0.09931959329986659,0.0002112472061436726,0.05380914118268696,0.053115037145593555,0.1614274235480609,0.26465014731434144,1.999321657947961,0.1172783044551937,0.3236232122169133,,0.3518349133655811,../../../dataset/mimii/slider/id_02/abnormal/00000208.wav,id_02,slider,abnormal
498.9339895488639,44.98795702430903,-1.3669879615683609,0.1107492774104339,0.00023746114267835877,0.05996593651358913,0.0588430441515623,0.1798978095407674,0.25114891150490865,2.12345615695148,0.13121186916068953,0.15169697804402651,,0.3936356074820686,../../../dataset/mimii/slider/id_02/abnormal/00000261.wav,id_02,slider,abnormal
201.39724176302224,64.01045809655895,1.5404762528762745,0.016445862823938198,8.235250046207217e-05,0.009037894027980612,0.009209298354889867,0.027113682083941836,0.20113768141452554,1.752924694913979,0.09784650681237848,0.12849180395945592,0.12774533017179027,0.29353952043713544,../../../dataset/mimii/slider/id_02/abnormal/00000155.wav,id_02,slider,abnormal
254.74368036062813,100.14686108389667,1.1334518462017444,0.018520568910345682,7.529005816714115e-05,0.010263625235481423,0.010995306203964723,0.030790875706444266,0.2177117975916977,1.8500302201681216,0.1079280463752557,0.1427152857129122,0.16703082955284032,0.3237841391257671,../../../dataset/mimii/slider/id_02/abnormal/00000139.wav,id_02,slider,abnormal
508.2640425498242,36.74628365632041,-0.39028733604986493,0.10583680359094917,0.00021902881469609156,0.05728468021544267,0.05699161210501727,0.171854040646328,0.2461875742343057,1.9722820230937599,0.10561874978495904,0.13952963453300402,0.11934703492085934,0.3168562493548771,../../../dataset/mimii/slider/id_02/abnormal/00000214.wav,id_02,slider,abnormal
213.84894569137714,70.81049167933861,-0.4827661356761694,0.008290855331058129,3.968090260050489e-05,0.004572240234103159,0.0038493883806234174,0.013716720702309476,0.2118785343176109,1.9023578709782063,0.10965961262862402,0.15521436386765605,,0.32897883788587207,../../../dataset/mimii/slider/id_02/abnormal/00000010.wav,id_02,slider,abnormal
461.6187635353938,98.91619655843142,-1.3002360337177707,0.09917026311349195,0.0002236976497706106,0.05375935627859318,0.06419743634971854,0.16127806883577953,0.2479996019056922,2.1512379579281546,0.11981910823665072,0.15129279628459202,,0.3594573247099522,../../../dataset/mimii/slider/id_02/abnormal/00000195.wav,id_02,slider,abnormal
154.22829647443373,110.80778348515172,-1.1231017427917014,0.005629698027281596,3.934721674825573e-05,0.002896054359891928,0.0026557682530647846,0.008688163079675784,0.17093411715840318,1.4475158965606636,0.08937208395441677,0.10285824677496885,0.09173050657826529,0.26811625186325033,../../../dataset/mimii/slider/id_02/abnormal/00000020.wav,id_02,slider,abnormal
489.42442915826604,66.83472588453303,-0.940510136463329,0.09694219880065137,0.00020510656709657997,0.04941509527375028,0.05992956077947152,0.14824528582125085,0.24526231118765493,1.9648013716384904,0.10974262701993658,0.15212544870392067,0.25606384586710684,0.3292278810598097,../../../dataset/mimii/slider/id_02/abnormal/00000184.wav,id_02,slider,abnormal
218.3159293687687,54.15279404152914,1.3977470348877974,0.019528909954153708,9.015034689230195e-05,0.010939656646634752,0.01158460921861402,0.032818969939904255,0.22336085820545032,1.9306210628803293,0.11062314892883522,0.14836759220015686,0.21235098190675583,0.33186944678650565,../../../dataset/mimii/slider/id_02/abnormal/00000138.wav,id_02,slider,abnormal
468.4125993385922,13.79437789512902,0.6413349745335353,0.047130618772118944,0.00010366533170194285,0.026262451426946085,0.02519177198583842,0.07878735428083826,0.23355277231738553,1.9776416743241605,0.11261755296052299,0.14761738589657994,0.4713882568191238,0.33785265888156896,../../../dataset/mimii/slider/id_02/abnormal/00000259.wav,id_02,slider,abnormal
195.31240194733257,63.47585555814897,0.9806844149766338,0.0138390255316062,7.073286058839175e-05,0.008098938226214922,0.00896655501965314,0.024296814678644765,0.20810250310387177,1.8153804342017883,0.10283170025369863,0.13239336712548516,0.15084968505412263,0.3084951007610959,../../../dataset/mimii/slider/id_02/abnormal/00000112.wav,id_02,slider,abnormal
148.66503313251678,49.72715491071958,0.044865719782958356,0.0037779295383004578,2.54078188303391e-05,0.002257367369162506,0.002643708230374577,0.0067721021074875175,0.21036767720235477,1.8532543760482378,0.09424239978282996,0.13495258145797542,0.023738811026085677,0.2827271993484899,../../../dataset/mimii/slider/id_02/abnormal/00000026.wav,id_02,slider,abnormal
519.7590573286983,72.64760196782284,1.3526313628542814,0.11230333818002874,0.00022727788299309912,0.06190868009833239,0.059090169296412046,0.18572604029499717,0.2419088776185044,1.9823566958631451,0.11083212438162188,0.1259071718292183,,0.33249637314486563,../../../dataset/mimii/slider/id_02/abnormal/00000235.wav,id_02,slider,abnormal
220.17272995297333,90.05103644225245,0.7565450332820158,0.015490811050766504,7.259545676153733e-05,0.00905746382688036,0.008342443909927713,0.02717239148064108,0.20354906651977597,1.7812085970950862,0.10267303885430033,0.14629173038685542,0.21463919457982414,0.308019116562901,../../../dataset/mimii/slider/id_02/abnormal/00000089.wav,id_02,slider,abnormal
305.02755540422527,82.11573708036431,0.0008839710218439151,0.031547110730893946,0.00010324580209071301,0.01814954695363805,0.01628515895742817,0.05444864086091415,0.2034832572638689,1.8360546688000252,0.08944606136580412,0.1590449894531109,,0.26833818409741234,../../../dataset/mimii/slider/id_02/abnormal/00000266.wav,id_02,slider,abnormal
153.62769422619024,56.01156417012864,0.8186265042743522,0.006919286912397745,4.5182229414781845e-05,0.00404388361413373,0.0039169653667165604,0.01213165084240119,0.2165765471643217,1.8465070423817622,0.1052121977013423,0.13861863215023343,0.14659310636304726,0.3156365931040269,../../../dataset/mimii/slider/id_02/abnormal/00000073.wav,id_02,slider,abnormal
188.0973995342735,62.71678638799645,-0.4488835810845303,0.010603948664570291,5.736793717591859e-05,0.007389939346172556,0.007933957991403787,0.02216981803851767,0.19503149867899866,1.7402590016076915,0.08784929604238113,0.11101962488405233,0.01287110769539957,0.2635478881271434,../../../dataset/mimii/slider/id_02/abnormal/00000017.wav,id_02,slider,abnormal
149.29368147699196,50.34383373273422,0.5143758413532173,0.006161480729494448,4.125438106863926e-05,0.003939368133279025,0.0042929866754061905,0.011818104399837076,0.20673549462249377,1.7913597908664123,0.09300684494344894,0.140238539798809,0.12026072290864366,0.27902053483034683,../../../dataset/mimii/slider/id_02/abnormal/00000056.wav,id_02,slider,abnormal
221.5233995538361,50.966949916298674,1.7031511761187854,0.02263246920739374,0.00010212405782683825,0.013540032491890083,0.014555703735814548,0.04062009747567025,0.21398994530390916,1.8810356589365935,0.10152464505572169,0.13522750220361412,0.1254221276457713,0.3045739351671651,../../../dataset/mimii/slider/id_02/abnormal/00000168.wav,id_02,slider,abnormal
197.78552861290277,61.45177712604464,-0.18843680588126013,0.008858090710874405,4.515302586515159e-05,0.004933077810379925,0.005030156413966072,0.014799233431139775,0.20424278451570071,1.8346441587790505,0.0978791334232304,0.1430465353639359,0.08654618200714075,0.2936374002696912,../../../dataset/mimii/slider/id_02/abnormal/00000034.wav,id_02,slider,abnormal
506.6515741765481,61.927313839203215,-0.27675406264382557,0.1033679717119997,0.00021810941999603537,0.0563126963973163,0.053528561136893964,0.16893808919194891,0.24455975757858828,1.925349094711537,0.13889420994053267,0.17910789288806264,,0.416682629821598,../../../dataset/mimii/slider/id_02/abnormal/00000181.wav,id_02,slider,abnormal
200.71919398490505,60.85687900969607,1.284546056961632,0.015547965764515203,7.760503100953996e-05,0.009150278476263981,0.009674745223317058,0.027450835428791943,0.2060905211647138,1.7854993204727545,0.10159387459838445,0.12923396650321933,0.1376866194937388,0.3047816237951534,../../../dataset/mimii/slider/id_02/abnormal/00000170.wav,id_02,slider,abnormal
224.80808337955696,97.56262880547432,0.9097697419916104,0.017809112957093188,8.263000959256855e-05,0.01074444708616588,0.011176580676221251,0.03223334125849764,0.21303313783048214,1.8320379142270045,0.10632037240648508,0.14334304079523266,0.16270975573633903,0.31896111721945525,../../../dataset/mimii/slider/id_02/abnormal/00000106.wav,id_02,slider,abnormal
470.4282644517875,90.84419246665149,-0.7775348310019847,0.09475015484782956,0.00021512195115843053,0.04795260263041838,0.05089024148912839,0.14385780789125513,0.22728903310297008,1.8199276047605795,0.11601783339758004,0.23894962718598153,,0.3480535001927401,../../../dataset/mimii/slider/id_02/abnormal/00000196.wav,id_02,slider,abnormal
176.95243237380294,71.64651115790076,-0.7891001025665721,0.0052844397695732724,3.0253558190526265e-05,0.00312001989516631,0.0035363693769849395,0.009360059685498929,0.20021319371338428,1.7398510971857015,0.10565161664059282,0.13155047404204878,0.15459567584045142,0.31695484992177847,../../../dataset/mimii/slider/id_02/abnormal/00000033.wav,id_02,slider,abnormal
178.2907832371794,61.71074287534729,1.0329461236359028,0.009508410861344702,5.305506856461712e-05,0.005548769368688514,0.005982133075930185,0.016646308106065544,0.2091382478632297,1.8194790489453785,0.10624594774879267,0.1351764534609481,0.12648170838483908,0.318737843246378,../../../dataset/mimii/slider/id_02/abnormal/00000092.wav,id_02,slider,abnormal
514.7378300134418,105.12107725346866,1.363621940993225,0.08679715017809318,0.00018794230018896486,0.049724400586469986,0.055629085694515704,0.14917320175940996,0.25181367941624727,2.0522810843413435,0.1216537101706247,0.12537014365992327,,0.36496113051187407,../../../dataset/mimii/slider/id_02/abnormal/00000180.wav,id_02,slider,abnormal
162.3792834269391,59.50647318458073,0.6655828025137284,0.010323115769407707,6.310614198726866e-05,0.006150820450634702,0.006937940647681899,0.018452461351904106,0.201624426338004,1.754358091382027,0.10263412914573067,0.12301801790049038,0.15338190853824338,0.307902387437192,../../../dataset/mimii/slider/id_02/abnormal/00000075.wav,id_02,slider,abnormal
200.0931912060596,161.22302172338627,0.021917058794608396,0.009113533054312953,5.319985979695313e-05,0.005162772678822774,0.003907265404402795,0.015488318036468322,0.18511148805777305,1.5253346221175943,0.09382150770399805,0.11819671225899935,0.1287644600514215,0.28146452311199416,../../../dataset/mimii/slider/id_02/abnormal/00000019.wav,id_02,slider,abnormal
219.4521471899355,71.49107273187488,0.645440681861931,0.014555083131815746,6.716106002121786e-05,0.0085052105035339,0.008924566227113509,0.025515631510601697,0.2008666936644145,1.740535204170324,0.09876148374522256,0.13228208381853565,0.16686788817041792,0.2962844512356677,../../../dataset/mimii/slider/id_02/abnormal/00000164.wav,id_02,slider,abnormal
445.1022472212815,129.6084173764891,-1.4846006068966349,0.09238715083609084,0.00022330164454587213,0.05303834489595522,0.035862626988729336,0.15911503468786567,0.2513765768241767,2.0594900162408685,0.11696174881469996,0.16041873910032867,,0.3508852464440999,../../../dataset/mimii/slider/id_02/abnormal/00000182.wav,id_02,slider,abnormal
315.79610971210604,129.62536762150708,-0.5191691396609175,0.06232685326407426,0.00020611499343738208,0.036656839476088963,0.03971463871578169,0.10997051842826688,0.2112303317525317,1.887524819805538,0.11931198613546125,0.22846890423603597,,0.35793595840638376,../../../dataset/mimii/slider/id_02/abnormal/00000244.wav,id_02,slider,abnormal
156.01064609310907,105.24129622209557,1.5563481774460237,0.008615998362274434,5.6989609343366806e-05,0.004906390759148672,0.004784532099045553,0.014719172277446017,0.20888798398064914,1.8354353451129202,0.10928850469323335,0.1313859887287075,0.15191277160708716,0.32786551407970005,../../../dataset/mimii/slider/id_02/abnormal/00000147.wav,id_02,slider,abnormal
467.4952343637797,105.85082114974227,-0.6283626867429853,0.08382230418861598,0.00019297126384137058,0.04352783760697839,0.04127308506086731,0.13058351282093517,0.25548431651492093,1.910366886886993,0.1591166663272616,0.1908601541596399,,0.47734999898178476,../../../dataset/mimii/slider/id_02/abnormal/00000201.wav,id_02,slider,abnormal
318.53581224110604,123.4334464056198,-0.8116445676749869,0.017687768002808676,5.8717262375771914e-05,0.008803614271206964,0.007518997009077415,0.026410842813620893,0.21887545466422526,1.8520893665852889,0.10628763531140609,0.1400405022841917,0.1186323156154655,0.3188629059342183,../../../dataset/mimii/slider/id_02/abnormal/00000002.wav,id_02,slider,abnormal
255.30049225968366,186.33699513990769,-1.4173847492250247,0.01629399260857602,7.312093238044971e-05,0.0076587704083610495,0.003703593312454864,0.02297631122508315,0.23428597714079966,1.929080238701696,0.12337262674636668,0.18322334190540576,0.1819684222024197,0.37011788023910003,../../../dataset/mimii/slider/id_02/abnormal/00000003.wav,id_02,slider,abnormal
196.8712173506753,61.48305799164003,1.4033878005407154,0.016672457813792264,8.445845634113218e-05,0.010017649336659554,0.010361661491525878,0.030052948009978663,0.20746242658716635,1.8111479591895359,0.1081223880539017,0.13854675849430534,0.2076810170532877,0.3243671641617051,../../../dataset/mimii/slider/id_02/abnormal/00000172.wav,id_02,slider,abnormal
209.96738457444937,58.86168589852877,1.5928807286776445,0.01515776065075689,7.195206721370318e-05,0.00901307124454713,0.00924744865372046,0.02703921373364139,0.22156132239194523,1.921279178386786,0.11379517830224178,0.14226921239938148,0.19124838601745153,0.34138553490672535,../../../dataset/mimii/slider/id_02/abnormal/00000171.wav,id_02,slider,abnormal
241.17034150485966,133.90037460019886,-0.24329624482298476,0.008880069454272832,4.013765364568373e-05,0.003146111914746339,0.0026797669901945224,0.009438335744239017,0.22019988222187034,1.920287539242828,0.11044027379565721,0.14845516507191658,,0.3313208213869716,../../../dataset/mimii/slider/id_02/abnormal/00000009.wav,id_02,slider,abnormal
178.82504268263685,61.79578368054735,1.3964163838856094,0.010544807934566485,5.930159887476463e-05,0.005923236684528226,0.006253838588420253,0.01776971005358468,0.21838373225738753,1.8600838726766158,0.10701361637822525,0.1449342712177963,0.1523758875384507,0.32104084913467573,../../../dataset/mimii/slider/id_02/abnormal/00000136.wav,id_02,slider,abnormal
222.35868800173563,115.65576587380595,1.4074838391500055,0.013876905396619973,6.494518032458192e-05,0.00807052626850578,0.008381378869085345,0.024211578805517338,0.21642437372858325,1.83864489880918,0.11029098695360695,0.13615286463712775,0.15785479736761374,0.33087296086082085,../../../dataset/mimii/slider/id_02/abnormal/00000165.wav,id_02,slider,abnormal
481.44280775008843,83.3262800247276,-1.378278754118054,0.10220927771121227,0.00022557401948861884,0.0495827263821532,0.04976921028536318,0.1487481791464596,0.2583835254013473,2.0795959308718124,0.13619479670388773,0.17579803535674723,,0.4085843901116632,../../../dataset/mimii/slider/id_02/abnormal/00000264.wav,id_02,slider,abnormal
197.78186152863066,108.33961798471388,0.9124613185742614,0.011444097967831898,5.975554272614993e-05,0.00650048287683169,0.0067808563418186064,0.01950144863049507,0.21219037214607386,1.8317129714300484,0.10472942583421463,0.14206395258059268,0.1937453888942331,0.3141882775026439,../../../dataset/mimii/slider/id_02/abnormal/00000080.wav,id_02,slider,abnormal
141.95968491511275,43.888440148759464,-0.5434601986882535,0.002589896423658023,1.8257437480939287e-05,0.0015592613494555762,0.0015942344794854712,0.004677784048366728,0.1865382425876725,1.5903979181030456,0.1014661617097536,0.13953738221871775,0.16532243276745148,0.3043984851292608,../../../dataset/mimii/slider/id_02/abnormal/00000028.wav,id_02,slider,abnormal
144.64030879171463,46.175589440827736,0.620659164407226,0.005794943148968005,3.972879596387606e-05,0.00352473453314382,0.0040668673664435015,0.01057420359943146,0.21071610397505916,1.8600634326337062,0.10277475102967505,0.15331208108169783,0.16018248425647744,0.30832425308902517,../../../dataset/mimii/slider/id_02/abnormal/00000070.wav,id_02,slider,abnormal
259.14819072849866,144.5858535322248,0.3147435121255713,0.021436823577907372,9.195705250472641e-05,0.012493179662748188,0.011655944968726269,0.03747953898824456,0.21754938039393648,1.8035337814117782,0.11412021164949034,0.15994731886460434,0.18147839993532905,0.342360634948471,../../../dataset/mimii/slider/id_02/abnormal/00000062.wav,id_02,slider,abnormal
421.83254432224174,130.46134579064827,-1.1296777049111262,0.08317547408179941,0.000210319310812184,0.04296751445467653,0.04795460357739693,0.1289025433640296,0.26073825596810984,2.083890613226349,0.12245593814685263,0.11612777828010697,,0.3673678144405579,../../../dataset/mimii/slider/id_02/abnormal/00000220.wav,id_02,slider,abnormal
354.8006998719092,219.16147482237182,-0.9690771448143121,0.02459214468470357,7.896401005591157e-05,0.01221541220282424,0.010624896858944344,0.03664623660847272,0.2100966112661966,1.7485698596666772,0.09678140720393952,0.1784995507824551,,0.29034422161181855,../../../dataset/mimii/slider/id_02/abnormal/00000021.wav,id_02,slider,abnormal
503.37605299500535,21.82435448071152,-1.311283610731422,0.10659948147956375,0.00021301559377050343,0.057323935452399714,0.06749046982435387,0.17197180635719914,0.21545461554170095,2.0855760787298196,0.08540829955386087,0.2164372128015124,,0.2562248986615826,../../../dataset/mimii/slider/id_02/abnormal/00000197.wav,id_02,slider,abnormal
221.81446745725907,51.42038410683248,1.6936971241143224,0.017486024059628912,7.878912296173549e-05,0.010250957132251395,0.010344012981393088,0.030752871396754186,0.21004302395082022,1.8164843450143293,0.09922154808547824,0.12486712342880515,0.13345761003971188,0.29766464425643474,../../../dataset/mimii/slider/id_02/abnormal/00000154.wav,id_02,slider,abnormal
200.932725654901,60.74689337003124,1.5115017256056957,0.013730241322408458,6.824890009132686e-05,0.00799130856156067,0.008731718416911439,0.023973925684682013,0.20792636652371577,1.8022277609565205,0.10146115567089914,0.11738673784490584,0.15471713816344523,0.3043834670126974,../../../dataset/mimii/slider/id_02/abnormal/00000173.wav,id_02,slider,abnormal
504.5351364103546,70.63354385548244,-1.0791108607923887,0.1103519787684257,0.000233402835329595,0.05793082712696906,0.06217169267864113,0.17379248138090717,0.2438742954167806,1.9931807824794654,0.12829990602659483,0.170675880032254,,0.3848997180797845,../../../dataset/mimii/slider/id_02/abnormal/00000255.wav,id_02,slider,abnormal
200.7516050092771,60.633878807793224,0.9824714143012192,0.016906272162603948,8.418437471032423e-05,0.009598075940427045,0.010197830930703998,0.028794227821281132,0.21986072939019358,1.9192010881177686,0.10127081015347748,0.13690761060130788,0.15254998919075413,0.30381243046043244,../../../dataset/mimii/slider/id_02/abnormal/00000094.wav,id_02,slider,abnormal
188.97500951497636,62.42295523501405,-0.6179780952158831,0.004439627933889903,2.339837420071746e-05,0.0026420233725800604,0.0027975845802182186,0.00792607011774018,0.20863555424620842,1.7827909975869622,0.10524331626160367,0.1502672973665483,0.18707745579653412,0.31572994878481103,../../../dataset/mimii/slider/id_02/abnormal/00000004.wav,id_02,slider,abnormal
205.89725211468695,127.33745897368318,0.994355991382487,0.010878193221397416,5.6864274748321583e-05,0.0061501674833445985,0.005720705127894907,0.018450502450033796,0.1995140790679229,1.72925077016487,0.10482103626577981,0.13369505670420787,0.17076220536257927,0.3144631087973394,../../../dataset/mimii/slider/id_02/abnormal/00000061.wav,id_02,slider,abnormal
173.46759758549348,61.09712230563387,0.5604385157975007,0.00863538687910447,5.014951126545201e-05,0.0051191448594803774,0.005643271251518058,0.015357434578441131,0.21785874797456137,1.9185836216727925,0.10550350897684452,0.14968711293767667,0.15912356250188556,0.31651052693053355,../../../dataset/mimii/slider/id_02/abnormal/00000051.wav,id_02,slider,abnormal
196.75731853403488,136.5388995022127,0.46632271366936084,0.01451292599532202,7.850356077764008e-05,0.007982680620092008,0.008808955292077486,0.023948041860276024,0.2097831938465075,1.7938479521014432,0.10381554100887759,0.14648865227275293,0.147766995460518,0.3114466230266328,../../../dataset/mimii/slider/id_02/abnormal/00000064.wav,id_02,slider,abnormal
207.0500369815362,144.62394949559976,0.9769484754576896,0.01243103824136759,6.493637171064575e-05,0.006822579572875777,0.007004657817855936,0.02046773871862733,0.21862563870628302,1.8440401797929384,0.11397896937844201,0.15796315235919653,0.14867805480327811,0.34193690813532607,../../../dataset/mimii/slider/id_02/abnormal/00000137.wav,id_02,slider,abnormal
202.0821850619367,65.4600977895722,0.8823055809876501,0.013713221496063533,6.806209033735484e-05,0.00826692907593111,0.00859925307029876,0.02480078722779333,0.20632664052327288,1.807738254023409,0.10174214732240126,0.13442132422628905,0.16257228346720465,0.3052264419672038,../../../dataset/mimii/slider/id_02/abnormal/00000119.wav,id_02,slider,abnormal
232.01652052338616,41.6069765331948,-0.35536671331268915,0.010520244594687377,4.496167805629749e-05,0.006553726978769462,0.007828703263357793,0.019661180936308385,0.20347459904658294,1.7654237021957584,0.10163963909089224,0.15015207969080657,0.06696622537230555,0.3049189172726767,../../../dataset/mimii/slider/id_02/abnormal/00000006.wav,id_02,slider,abnormal
475.1295242664254,84.59867562510996,-0.4033841905251745,0.09267355904266834,0.00020342919556327253,0.04851400842028571,0.04355276169122634,0.14554202526085713,0.23090976131867216,1.9404579614587154,0.10745114236961427,0.10695734930540332,,0.3223534271088428,../../../dataset/mimii/slider/id_02/abnormal/00000248.wav,id_02,slider,abnormal
169.77922270090207,60.254658230257085,-0.01230726596766869,0.006981684873879164,4.109866438140042e-05,0.004066818403469151,0.00431325759732431,0.012200455210407454,0.20207941869683793,1.762628754533815,0.09763485720611445,0.11440079444462667,0.13616247455147992,0.2929045716183434,../../../dataset/mimii/slider/id_02/abnormal/00000046.wav,id_02,slider,abnormal
206.2022505823654,59.08482470309456,1.0178725219473235,0.01612404951133096,7.867893915864886e-05,0.009569510327109733,0.010102612995204192,0.0287085309813292,0.2100593335996264,1.7804476953097053,0.1083052530449416,0.14655796489804943,0.16645473429698476,0.3249157591348248,../../../dataset/mimii/slider/id_02/abnormal/00000088.wav,id_02,slider,abnormal
250.76631794698588,113.39537011463143,1.2674228740918054,0.018934880314914204,7.9771741026942e-05,0.01067453757828654,0.010732081265715768,0.03202361273485962,0.21898174156426972,1.8485234432541013,0.10671388141538507,0.14421219162347523,0.13934848182775061,0.3201416442461552,../../../dataset/mimii/slider/id_02/abnormal/00000134.wav,id_02,slider,abnormal
464.10563123778195,17.77909717069811,0.6620618071308136,0.052202765242963196,0.0001157677007614148,0.02939027299510249,0.027505967713696712,0.08817081898530746,0.2250243429315196,1.9683511794115802,0.11106192296026704,0.15124879905511227,0.0923370818038186,0.3331857688808011,../../../dataset/mimii/slider/id_02/abnormal/00000257.wav,id_02,slider,abnormal
