localShimmer,localdbShimmer,apq3Shimmer,apq5Shimmer,apq11Shimmer,localJitter,localabsoluteJitter,rapJitter,ppq5Jitter,ddpJitter,f1,f2,f3,f4,f0_mean,f0_std,filename,id_machine,machine_type,label
None,None,None,None,None,None,None,None,None,None,1734.6115498553886,2676.582427615624,3606.0125664641723,4722.519598793039,206.66037444459187,7.737069471313589,../../../dataset/mimii/fan/id_02/abnormal/00000275.wav,id_02,fan,abnormal
None,None,None,None,None,None,None,None,None,None,2018.439668228189,2863.47791061597,3933.546810190427,4866.711274610321,262.0144206141554,15.352281001923508,../../../dataset/mimii/fan/id_02/abnormal/00000123.wav,id_02,fan,abnormal
0.0,0.0,None,None,None,0.005548714033092441,2.6629924005418422e-05,None,None,None,1694.6080306763558,2650.1292191996445,3577.15435679746,4775.539787953103,208.98868969469223,11.772551680571258,../../../dataset/mimii/fan/id_02/abnormal/00000260.wav,id_02,fan,abnormal
None,None,None,None,None,None,None,None,None,None,1854.6379097884708,2746.1096232769496,3688.354069712086,4841.512016983736,213.9379987278346,13.074802471305969,../../../dataset/mimii/fan/id_02/abnormal/00000250.wav,id_02,fan,abnormal
0.0,0.0,None,None,None,0.022340858538388686,8.919550906588171e-05,None,None,None,1903.9763007657805,2966.9301464047217,3948.714520688355,4851.002931384453,252.42032192072392,22.215921318846952,../../../dataset/mimii/fan/id_02/abnormal/00000071.wav,id_02,fan,abnormal
None,None,None,None,None,None,None,None,None,None,1938.2056621022737,2940.673161324994,3877.7299039928266,4914.651143385466,222.4078121313198,67.97678608974336,../../../dataset/mimii/fan/id_02/abnormal/00000104.wav,id_02,fan,abnormal
None,None,None,None,None,None,None,None,None,None,1701.7880542804776,2623.475643485857,3519.861319968606,4623.678727339162,nan,nan,../../../dataset/mimii/fan/id_02/abnormal/00000355.wav,id_02,fan,abnormal
None,None,None,None,None,None,None,None,None,None,551.8277778166917,1776.1476072407945,2676.837662572185,3672.057600848448,260.784839215223,9.181269127822729,../../../dataset/mimii/fan/id_02/abnormal/00000143.wav,id_02,fan,abnormal
None,None,None,None,None,None,None,None,None,None,602.2559693265932,1841.3571759050776,2754.782767541719,3721.8127676215177,259.15392918113,2.8066463583856205,../../../dataset/mimii/fan/id_02/abnormal/00000251.wav,id_02,fan,abnormal
0.0,0.0,None,None,None,0.008096208838108456,3.2602788277352746e-05,None,None,None,1949.006204761369,2859.9620903055174,3757.545512284259,4834.945714020852,250.51816935800665,22.028022742400477,../../../dataset/mimii/fan/id_02/abnormal/00000213.wav,id_02,fan,abnormal
None,None,None,None,None,None,None,None,None,None,546.7823121516428,1747.0552684994639,2684.6742312012643,3654.607341700527,nan,nan,../../../dataset/mimii/fan/id_02/abnormal/00000349.wav,id_02,fan,abnormal
None,None,None,None,None,None,None,None,None,None,463.1352148703493,1704.7481218929981,2662.988770740432,3610.4541828735546,nan,nan,../../../dataset/mimii/fan/id_02/abnormal/00000252.wav,id_02,fan,abnormal
None,None,None,None,None,None,None,None,None,None,577.2390475403596,1755.7662280446395,2736.4974364951354,3655.5563151277765,nan,nan,../../../dataset/mimii/fan/id_02/abnormal/00000271.wav,id_02,fan,abnormal
None,None,None,None,None,None,None,None,None,None,1721.5127828288735,2760.2162864291354,3667.399473825788,4794.197801618235,nan,nan,../../../dataset/mimii/fan/id_02/abnormal/00000294.wav,id_02,fan,abnormal
None,None,None,None,None,None,None,None,None,None,536.4887406972722,1753.299775406866,2649.648931318441,3640.9322057862055,251.5598646195701,37.74245801257413,../../../dataset/mimii/fan/id_02/abnormal/00000131.wav,id_02,fan,abnormal
None,None,None,None,None,None,None,None,None,None,1869.6633990632433,2915.480738328616,3891.9805790283126,4917.913111871696,249.20087464572933,36.461048876428734,../../../dataset/mimii/fan/id_02/abnormal/00000109.wav,id_02,fan,abnormal
None,None,None,None,None,None,None,None,None,None,435.4565231455012,1731.5525387168066,2682.0981283783285,3635.9384463086394,270.85576646678436,0.0,../../../dataset/mimii/fan/id_02/abnormal/00000347.wav,id_02,fan,abnormal
None,None,None,None,None,None,None,None,None,None,541.8982445589903,1794.3812981584244,2748.80682163477,3687.3220277164646,nan,nan,../../../dataset/mimii/fan/id_02/abnormal/00000337.wav,id_02,fan,abnormal
0.027275881391270403,0.27282385155558586,None,None,None,0.003066563041464158,1.1821227129930932e-05,None,None,None,1868.0926235086756,2931.9708766703475,3909.4112437916165,4921.301842620407,260.4606586062993,16.345655320594894,../../../dataset/mimii/fan/id_02/abnormal/00000087.wav,id_02,fan,abnormal
0.0,0.0,0.0,None,None,0.00046514114496256146,1.8039819329961591e-06,0.0003100940966417822,None,0.0009302822899251229,1879.4273152118656,2941.316180947898,3898.644770349242,4912.332911870663,259.5786007894445,20.301316813228503,../../../dataset/mimii/fan/id_02/abnormal/00000015.wav,id_02,fan,abnormal
None,None,None,None,None,None,None,None,None,None,1965.7926088638978,2957.8009401784293,3753.59653521009,4793.968433580543,nan,nan,../../../dataset/mimii/fan/id_02/abnormal/00000280.wav,id_02,fan,abnormal
None,None,None,None,None,None,None,None,None,None,561.0572242198764,1778.27140139243,2664.3395742121847,3667.378321781408,254.67585236830004,9.399476462703678,../../../dataset/mimii/fan/id_02/abnormal/00000132.wav,id_02,fan,abnormal
None,None,None,None,None,None,None,None,None,None,1738.989235766739,2839.9324916515675,3726.6967709896953,4848.4789258569235,nan,nan,../../../dataset/mimii/fan/id_02/abnormal/00000338.wav,id_02,fan,abnormal
None,None,None,None,None,None,None,None,None,None,2001.924382055772,2945.5916821513583,3859.255108216314,4899.995627348401,249.64920020313832,42.46564698109525,../../../dataset/mimii/fan/id_02/abnormal/00000011.wav,id_02,fan,abnormal
None,None,None,None,None,None,None,None,None,None,1705.946208006633,2611.269362892352,3548.9958027158978,4639.06977132933,nan,nan,../../../dataset/mimii/fan/id_02/abnormal/00000327.wav,id_02,fan,abnormal
0.1052734804956219,1.1012207344174385,0.07018232033041455,None,None,0.037909232469436636,0.00015249441333187305,0.0012597952151654941,None,0.0037793856454964823,912.254506733643,1896.0192679503666,3039.2203924217206,4001.289724619047,250.67496930152006,22.815352138853175,../../../dataset/mimii/fan/id_02/abnormal/00000008.wav,id_02,fan,abnormal
0.0,0.0,None,None,None,0.014679528785902589,6.751980567898212e-05,None,None,None,1016.2552119486414,2220.33847624784,3354.5477895655968,4338.000980470934,232.57659275230506,41.17932198830071,../../../dataset/mimii/fan/id_02/abnormal/00000128.wav,id_02,fan,abnormal
None,None,None,None,None,None,None,None,None,None,1703.5476940227554,2746.6397353685816,3618.240377734603,4756.723328455509,nan,nan,../../../dataset/mimii/fan/id_02/abnormal/00000281.wav,id_02,fan,abnormal
None,None,None,None,None,None,None,None,None,None,1707.8346710333662,2676.6264472744947,3553.849848208274,4726.085572580764,nan,nan,../../../dataset/mimii/fan/id_02/abnormal/00000357.wav,id_02,fan,abnormal
None,None,None,None,None,None,None,None,None,None,1697.5023047482514,2770.13661017976,3657.2081595901586,4831.747803828888,nan,nan,../../../dataset/mimii/fan/id_02/abnormal/00000343.wav,id_02,fan,abnormal
None,None,None,None,None,None,None,None,None,None,1845.5698466790002,2921.9480023908245,3889.969388150204,4923.499590675359,254.36520862921242,20.774792568262413,../../../dataset/mimii/fan/id_02/abnormal/00000016.wav,id_02,fan,abnormal
0.0,0.0,None,None,None,0.0017472909865228464,9.275909103876809e-06,None,None,None,1805.6187842880163,2944.3313142661764,3898.284531741525,4940.127294036269,208.95351139238892,64.38463302060967,../../../dataset/mimii/fan/id_02/abnormal/00000101.wav,id_02,fan,abnormal
None,None,None,None,None,None,None,None,None,None,522.1502207581946,1810.1924550250858,2758.52425663572,3718.9680586449394,277.42943591964683,3.1298192890079406,../../../dataset/mimii/fan/id_02/abnormal/00000178.wav,id_02,fan,abnormal
0.15744734604844063,1.3526856899261475,0.10496489736562709,None,None,0.0013547516572631258,5.402181766569949e-06,0.00030159956828291204,None,0.0009047987048487361,542.0756149637973,1779.6188217638007,2669.9829763719245,3691.2358821384914,250.7789323483737,0.2823862350820622,../../../dataset/mimii/fan/id_02/abnormal/00000186.wav,id_02,fan,abnormal
None,None,None,None,None,None,None,None,None,None,1751.8748100918046,2611.272381949585,3601.4647141289834,4558.537748314256,276.70049501497243,6.641065528407749,../../../dataset/mimii/fan/id_02/abnormal/00000141.wav,id_02,fan,abnormal
None,None,None,None,None,None,None,None,None,None,466.1523526359998,1724.621413375355,2670.235447118123,3625.8628762074545,nan,nan,../../../dataset/mimii/fan/id_02/abnormal/00000263.wav,id_02,fan,abnormal
0.0,0.0,None,None,None,0.0018486151955425683,7.216401935082432e-06,None,None,None,1877.5047881222392,2957.6561145298715,3913.6227774881386,4889.457613060072,257.25503477891783,16.639043744536117,../../../dataset/mimii/fan/id_02/abnormal/00000083.wav,id_02,fan,abnormal
0.1165129831043023,1.0566465556621552,None,None,None,0.030852430718699645,0.000125351311224561,None,None,None,1871.5634133715705,2931.834888198509,3933.2338466850238,4957.25644625417,247.5532033241778,18.366986434898912,../../../dataset/mimii/fan/id_02/abnormal/00000065.wav,id_02,fan,abnormal
None,None,None,None,None,None,None,None,None,None,546.6846688647684,1796.535328450583,2704.2200346450563,3705.795003513703,265.0518675477494,0.0,../../../dataset/mimii/fan/id_02/abnormal/00000218.wav,id_02,fan,abnormal
None,None,None,None,None,None,None,None,None,None,1949.5737555207004,2846.2772699845186,3759.5031137836386,4839.2556224679265,nan,nan,../../../dataset/mimii/fan/id_02/abnormal/00000233.wav,id_02,fan,abnormal
None,None,None,None,None,None,None,None,None,None,1874.3933061457028,2813.1940968309164,3732.4554924323506,4829.870907453936,220.496931180152,13.515505728668089,../../../dataset/mimii/fan/id_02/abnormal/00000161.wav,id_02,fan,abnormal
None,None,None,None,None,None,None,None,None,None,1811.406358520071,2750.852719094675,3728.120682317146,4772.176250470005,215.12713454850322,15.396683406192691,../../../dataset/mimii/fan/id_02/abnormal/00000204.wav,id_02,fan,abnormal
None,None,None,None,None,None,None,None,None,None,1717.933299947574,2582.557701482923,3532.1642588491513,4619.222537435789,nan,nan,../../../dataset/mimii/fan/id_02/abnormal/00000332.wav,id_02,fan,abnormal
None,None,None,None,None,None,None,None,None,None,1897.6530410980436,2793.5036997598622,3740.3054572301007,4815.998026733424,264.44211857419344,20.54323567937726,../../../dataset/mimii/fan/id_02/abnormal/00000237.wav,id_02,fan,abnormal
None,None,None,None,None,None,None,None,None,None,418.4681260608046,1711.870766352754,2674.597839170579,3594.4954385468554,nan,nan,../../../dataset/mimii/fan/id_02/abnormal/00000273.wav,id_02,fan,abnormal
None,None,None,None,None,None,None,None,None,None,514.4672038864396,1774.7908290641462,2646.863061164811,3615.117112083728,254.44229845602624,15.244751418279318,../../../dataset/mimii/fan/id_02/abnormal/00000245.wav,id_02,fan,abnormal
None,None,None,None,None,None,None,None,None,None,1795.9778419937873,2631.859622607074,3638.770959171968,4743.095520762854,235.38953509174462,25.47901551580654,../../../dataset/mimii/fan/id_02/abnormal/00000179.wav,id_02,fan,abnormal
0.08550308434107988,0.7249968498945236,None,None,None,0.0641895666433883,0.0002466735220722806,None,None,None,1948.7018398747243,3006.273046606683,3929.03589622494,4976.437381460457,260.89763490329756,13.26316392747404,../../../dataset/mimii/fan/id_02/abnormal/00000130.wav,id_02,fan,abnormal
None,None,None,None,None,None,None,None,None,None,1774.7629424061818,2754.4372569126954,3644.3547945437012,4772.27515493761,nan,nan,../../../dataset/mimii/fan/id_02/abnormal/00000299.wav,id_02,fan,abnormal
None,None,None,None,None,None,None,None,None,None,1828.7874948564604,2756.033126817776,3713.352124796597,4836.052067487881,257.52350022631384,6.969083826801536,../../../dataset/mimii/fan/id_02/abnormal/00000228.wav,id_02,fan,abnormal
0.0,0.0,0.0,None,None,0.00046576950841620247,1.8056117224384514e-06,0.00031051300561072705,None,0.0009315390168324049,2006.537251804425,3114.8612106779383,4120.915044899049,5121.783824843191,258.6953855425572,14.088136396831118,../../../dataset/mimii/fan/id_02/abnormal/00000124.wav,id_02,fan,abnormal
None,None,None,None,None,None,None,None,None,None,1867.9108214985001,2923.8337516007723,3907.978097387539,4941.444321192831,264.9700056652484,9.806466936669311,../../../dataset/mimii/fan/id_02/abnormal/00000048.wav,id_02,fan,abnormal
None,None,None,None,None,None,None,None,None,None,1890.6807632866098,2946.950431190272,3912.5262957838536,4883.5469429391605,241.64820677460625,36.262624810402436,../../../dataset/mimii/fan/id_02/abnormal/00000058.wav,id_02,fan,abnormal
None,None,None,None,None,None,None,None,None,None,477.7821496473513,1758.6140465084843,2624.73787692577,3685.399081233235,231.54938276784083,19.078461786030758,../../../dataset/mimii/fan/id_02/abnormal/00000190.wav,id_02,fan,abnormal
0.0,0.0,None,None,None,0.006311464797544443,3.322595953717932e-05,None,None,None,1881.9117944858206,2950.015359827679,3895.44158467856,4870.579020359763,199.8794861217225,45.36076490467497,../../../dataset/mimii/fan/id_02/abnormal/00000107.wav,id_02,fan,abnormal
None,None,None,None,None,None,None,None,None,None,576.6405913499667,1780.981540456722,2681.5337136870608,3645.0475845746237,238.490633336264,0.0,../../../dataset/mimii/fan/id_02/abnormal/00000150.wav,id_02,fan,abnormal
None,None,None,None,None,None,None,None,None,None,1697.599582036645,2562.9390755850272,3502.3294158064796,4193.2879374583135,nan,nan,../../../dataset/mimii/fan/id_02/abnormal/00000319.wav,id_02,fan,abnormal
None,None,None,None,None,None,None,None,None,None,1694.35269361303,2739.9971689216604,3669.7757829306543,4841.369339861719,nan,nan,../../../dataset/mimii/fan/id_02/abnormal/00000339.wav,id_02,fan,abnormal
0.1988076752739346,1.619663971165816,None,None,None,0.01125912146481284,4.365020575898592e-05,None,None,None,2000.2466953657586,3051.67756383483,4005.4751600736367,4994.526314642735,260.1288906443413,22.96110401996805,../../../dataset/mimii/fan/id_02/abnormal/00000077.wav,id_02,fan,abnormal
None,None,None,None,None,None,None,None,None,None,445.7697940942302,1715.6275120961939,2684.2018826869203,3628.363743523793,nan,nan,../../../dataset/mimii/fan/id_02/abnormal/00000336.wav,id_02,fan,abnormal
None,None,None,None,None,None,None,None,None,None,558.9218541036743,1701.8607532530002,2649.064286940406,3565.846695335019,nan,nan,../../../dataset/mimii/fan/id_02/abnormal/00000325.wav,id_02,fan,abnormal
None,None,None,None,None,None,None,None,None,None,1930.563330854069,2941.9069976940204,3840.471941671017,4850.344111373072,257.94082014578385,18.294578364014257,../../../dataset/mimii/fan/id_02/abnormal/00000022.wav,id_02,fan,abnormal
None,None,None,None,None,None,None,None,None,None,1675.7255040233408,2664.2519014910804,3597.4973912780283,4756.728516437562,nan,nan,../../../dataset/mimii/fan/id_02/abnormal/00000265.wav,id_02,fan,abnormal
0.06766706492472313,0.5923291823516289,0.02589789379844208,None,None,0.013455574376961925,5.459195100086829e-05,0.0012127986536033697,None,0.0036383959608102695,2125.9010314714405,3138.399931441024,4142.730714055498,4982.006258439786,248.24723113674875,20.852116977316033,../../../dataset/mimii/fan/id_02/abnormal/00000037.wav,id_02,fan,abnormal
None,None,None,None,None,None,None,None,None,None,474.8421412521674,1795.0896184491248,2778.3657078692886,3640.2718086877767,nan,nan,../../../dataset/mimii/fan/id_02/abnormal/00000333.wav,id_02,fan,abnormal
None,None,None,None,None,None,None,None,None,None,466.4310477047568,1760.0736604602396,2680.5579167753813,3625.439125420007,nan,nan,../../../dataset/mimii/fan/id_02/abnormal/00000322.wav,id_02,fan,abnormal
None,None,None,None,None,None,None,None,None,None,1951.4755692992585,2839.4742072263534,3766.4741227194495,4844.385320318187,247.0567833010699,23.15279119581845,../../../dataset/mimii/fan/id_02/abnormal/00000176.wav,id_02,fan,abnormal
None,None,None,None,None,None,None,None,None,None,523.5434781458981,1753.6268992228554,2627.343897555562,3653.3263976215517,238.591389294845,20.579112965539643,../../../dataset/mimii/fan/id_02/abnormal/00000144.wav,id_02,fan,abnormal
None,None,None,None,None,None,None,None,None,None,1754.1363079818361,2598.847114602468,3629.0246997443987,4622.206799719113,238.99095621193726,12.900879358282575,../../../dataset/mimii/fan/id_02/abnormal/00000133.wav,id_02,fan,abnormal
None,None,None,None,None,None,None,None,None,None,443.07118119609186,1758.200067777115,2710.1297954704664,3623.6939687057256,285.9281982911596,0.0,../../../dataset/mimii/fan/id_02/abnormal/00000293.wav,id_02,fan,abnormal
None,None,None,None,None,None,None,None,None,None,1899.543312553271,3030.1007313068644,3996.04343228401,4990.969042577059,235.56766557284007,54.31162387683928,../../../dataset/mimii/fan/id_02/abnormal/00000076.wav,id_02,fan,abnormal
0.0,0.0,None,None,None,0.002965710477699891,1.2601841005969398e-05,None,None,None,1919.2660648628625,2842.7186555321464,3789.4314338551562,4810.402518776598,244.4794149950313,32.49350443807052,../../../dataset/mimii/fan/id_02/abnormal/00000005.wav,id_02,fan,abnormal
0.0,0.0,None,None,None,0.004578646517103317,1.9685007523637717e-05,None,None,None,1877.6649469892093,2931.4741258020135,3885.884499647847,4929.00758797407,248.15448809748133,42.74375062734461,../../../dataset/mimii/fan/id_02/abnormal/00000060.wav,id_02,fan,abnormal
None,None,None,None,None,None,None,None,None,None,1869.464821485661,2953.223143442929,3907.390270985856,4895.656469167929,226.85552991166242,42.96674921676411,../../../dataset/mimii/fan/id_02/abnormal/00000055.wav,id_02,fan,abnormal
None,None,None,None,None,None,None,None,None,None,1855.4077931297559,2814.1324751922702,3739.0084673293027,4823.076904064391,270.83504524008896,10.993844245741116,../../../dataset/mimii/fan/id_02/abnormal/00000193.wav,id_02,fan,abnormal
None,None,None,None,None,None,None,None,None,None,612.9080226323381,1781.0614961785764,2795.1801509741445,3696.948792814475,214.20392352256945,0.0,../../../dataset/mimii/fan/id_02/abnormal/00000328.wav,id_02,fan,abnormal
None,None,None,None,None,None,None,None,None,None,450.0093101895356,1683.8948451853455,2650.44963645919,3550.9675212020547,nan,nan,../../../dataset/mimii/fan/id_02/abnormal/00000256.wav,id_02,fan,abnormal
None,None,None,None,None,None,None,None,None,None,1906.7037489993581,2990.928572876897,3984.23985330588,4989.152382858444,237.18473104387405,48.97732451953507,../../../dataset/mimii/fan/id_02/abnormal/00000069.wav,id_02,fan,abnormal
None,None,None,None,None,None,None,None,None,None,553.8835326314452,1767.9514228985104,2701.3240269671005,3671.008266574273,nan,nan,../../../dataset/mimii/fan/id_02/abnormal/00000217.wav,id_02,fan,abnormal
0.0,0.0,None,None,None,0.015118247701953491,5.8425900199297887e-05,None,None,None,1882.1950681360975,2921.8197073373517,3892.8828751552223,4916.170321200225,259.53927154338754,14.135591810576335,../../../dataset/mimii/fan/id_02/abnormal/00000047.wav,id_02,fan,abnormal
0.07243758456860186,0.625058497036142,0.0998341321181984,None,None,0.010466605737146919,5.3550441086365465e-05,0.000806998905417814,None,0.0024209967162534987,1863.561089378775,2929.445677954836,3877.7863422943583,4873.065803007306,230.09645138498595,67.6186205313862,../../../dataset/mimii/fan/id_02/abnormal/00000000.wav,id_02,fan,abnormal
None,None,None,None,None,None,None,None,None,None,1897.8420896959713,2831.5250894299606,3754.5976693167563,4827.232409995033,nan,nan,../../../dataset/mimii/fan/id_02/abnormal/00000241.wav,id_02,fan,abnormal
None,None,None,None,None,None,None,None,None,None,561.4198095089633,1810.4351145697499,2727.0746430581385,3726.0675024519846,240.3559689305118,16.81312134061959,../../../dataset/mimii/fan/id_02/abnormal/00000219.wav,id_02,fan,abnormal
None,None,None,None,None,None,None,None,None,None,1931.5794329860635,2858.2845552039325,3737.429530300311,4885.951476074002,230.81035733933996,21.61453356413871,../../../dataset/mimii/fan/id_02/abnormal/00000225.wav,id_02,fan,abnormal
0.001753045779340573,0.014639865839853883,0.0023373943724540507,None,None,0.030518427974483273,0.00011345009271273719,0.004929441221464543,None,0.014788323664393395,1885.6446776169832,2945.9775030246524,3906.8352805754635,4928.7194438022725,269.50833250467167,11.660755871475168,../../../dataset/mimii/fan/id_02/abnormal/00000067.wav,id_02,fan,abnormal
0.0250671866308736,0.20421700552105904,0.0175776003814052,None,None,0.01024122714013246,3.958302244930364e-05,0.000309095649545619,None,0.0009272869486366888,1839.3290888008826,2970.8091758892,3917.2317135858116,4739.513627183266,259.917728879284,17.069154646556832,../../../dataset/mimii/fan/id_02/abnormal/00000074.wav,id_02,fan,abnormal
0.13144556520347145,1.0261933505535126,0.08763037680231434,None,None,0.01495726679047257,5.910575084075681e-05,0.004751740217149743,None,0.014255220651449338,1876.3634168986305,2942.0288153625925,3906.114153462121,4929.472709265622,254.55636514676326,18.29002796934593,../../../dataset/mimii/fan/id_02/abnormal/00000041.wav,id_02,fan,abnormal
None,None,None,None,None,None,None,None,None,None,592.8028662519521,1806.986283583034,2679.2031830873248,3674.6562417511022,262.7325998068993,14.805013454176802,../../../dataset/mimii/fan/id_02/abnormal/00000232.wav,id_02,fan,abnormal
None,None,None,None,None,None,None,None,None,None,543.4632835104348,1767.1085914889786,2677.7710495571696,3700.2220325483386,174.34827032277056,64.53456084608054,../../../dataset/mimii/fan/id_02/abnormal/00000156.wav,id_02,fan,abnormal
None,None,None,None,None,None,None,None,None,None,1757.755324936728,2836.5905570882855,3695.2318373805974,4768.074312765396,nan,nan,../../../dataset/mimii/fan/id_02/abnormal/00000276.wav,id_02,fan,abnormal
None,None,None,None,None,None,None,None,None,None,533.9787504290077,1832.3992694563183,2777.64409042246,3762.488438142043,270.3104659706491,9.943286646881752,../../../dataset/mimii/fan/id_02/abnormal/00000205.wav,id_02,fan,abnormal
0.1033434053036975,0.8494084142148495,0.024977881731330632,0.03901503840678917,None,0.013444698291470346,5.1552350365995504e-05,0.006090855977385659,0.02121489730752607,0.01827256793215705,2284.961373833433,2627.0280666997714,3963.3859243949673,4843.739743686415,261.3366586989782,11.94799521254742,../../../dataset/mimii/fan/id_02/abnormal/00000059.wav,id_02,fan,abnormal
None,None,None,None,None,None,None,None,None,None,1883.1277759292118,2924.6573640631937,3926.4905537381405,4949.816976735404,249.2349727260539,19.570487740672284,../../../dataset/mimii/fan/id_02/abnormal/00000111.wav,id_02,fan,abnormal
None,None,None,None,None,None,None,None,None,None,1738.1841230755747,2778.1978434161438,3658.5903080663447,4774.010634452121,nan,nan,../../../dataset/mimii/fan/id_02/abnormal/00000304.wav,id_02,fan,abnormal
None,None,None,None,None,None,None,None,None,None,1704.4622676598149,2594.4925664007515,3557.4522688193156,4673.879922835928,228.58570830747928,0.0,../../../dataset/mimii/fan/id_02/abnormal/00000286.wav,id_02,fan,abnormal
None,None,None,None,None,None,None,None,None,None,1894.2249949332981,2972.631499284005,3924.47862747253,4868.913998929265,237.1913934860995,42.15613644058595,../../../dataset/mimii/fan/id_02/abnormal/00000029.wav,id_02,fan,abnormal
None,None,None,None,None,None,None,None,None,None,1844.4987298558647,2784.7428994490556,3777.24456131388,4856.412383773623,230.2421398980456,0.0,../../../dataset/mimii/fan/id_02/abnormal/00000230.wav,id_02,fan,abnormal
0.0,0.0,0.0,None,None,0.021707235067774132,8.555641469966474e-05,0.002613444365806389,None,0.007840333097419386,1844.8442957898042,2901.149683415054,3890.596332761054,4892.906030132448,255.5421810581915,20.21286831383002,../../../dataset/mimii/fan/id_02/abnormal/00000013.wav,id_02,fan,abnormal
None,None,None,None,None,None,None,None,None,None,1717.1183451341467,2575.732284550248,3510.9545912914855,4535.0337463547385,nan,nan,../../../dataset/mimii/fan/id_02/abnormal/00000288.wav,id_02,fan,abnormal
0.0,0.0,0.0,None,None,0.005250690375364308,2.8210633535347575e-05,0.000986778248584759,None,0.0029603347457542767,2095.7059643408807,3110.0153148000677,4102.42286019379,4837.93979365762,216.63843180101927,63.49253101080786,../../../dataset/mimii/fan/id_02/abnormal/00000097.wav,id_02,fan,abnormal
None,None,None,None,None,None,None,None,None,None,489.9991420758871,1701.5323412446883,2724.9296822111905,3597.953257898364,nan,nan,../../../dataset/mimii/fan/id_02/abnormal/00000317.wav,id_02,fan,abnormal
None,None,None,None,None,None,None,None,None,None,446.90754855906596,1729.1502529922832,2694.5922538668524,3577.527315443848,202.316181177238,5.043959504534061,../../../dataset/mimii/fan/id_02/abnormal/00000305.wav,id_02,fan,abnormal
None,None,None,None,None,None,None,None,None,None,550.8277243767759,1778.7636125855904,2670.1542148722297,3675.7690908893205,276.4537687639261,9.658649926999379,../../../dataset/mimii/fan/id_02/abnormal/00000159.wav,id_02,fan,abnormal
None,None,None,None,None,None,None,None,None,None,523.9267722667097,1802.5330208514206,2719.127290593838,3727.9665997128704,nan,nan,../../../dataset/mimii/fan/id_02/abnormal/00000215.wav,id_02,fan,abnormal
None,None,None,None,None,None,None,None,None,None,2092.7016725030576,3237.698408300121,4092.926194281184,4682.6964888354405,228.18887823614983,57.25459071758035,../../../dataset/mimii/fan/id_02/abnormal/00000114.wav,id_02,fan,abnormal
0.0,0.0,None,None,None,0.013234042873231829,5.4962119965879224e-05,None,None,None,1999.2066972802036,2927.0274750038516,3766.8830339152664,4734.2861657045605,255.5508149650884,41.3316750573259,../../../dataset/mimii/fan/id_02/abnormal/00000035.wav,id_02,fan,abnormal
None,None,None,None,None,None,None,None,None,None,1923.917276177847,2847.0559027824897,3764.4942479456117,4804.053958614676,241.52297050008673,0.0,../../../dataset/mimii/fan/id_02/abnormal/00000185.wav,id_02,fan,abnormal
None,None,None,None,None,None,None,None,None,None,529.5031218022864,1825.7950023675032,2688.437851039577,3667.183909728568,214.6239178425199,9.821572041459502,../../../dataset/mimii/fan/id_02/abnormal/00000234.wav,id_02,fan,abnormal
None,None,None,None,None,None,None,None,None,None,1769.906688918278,2658.6062885360966,3694.663912336263,4904.454274332956,244.72007765067272,18.98858469311303,../../../dataset/mimii/fan/id_02/abnormal/00000223.wav,id_02,fan,abnormal
None,None,None,None,None,None,None,None,None,None,464.74080678216677,1614.0757398632363,2525.6638658585553,3542.9497760425093,nan,nan,../../../dataset/mimii/fan/id_02/abnormal/00000254.wav,id_02,fan,abnormal
None,None,None,None,None,None,None,None,None,None,1921.6080007568196,2861.455975551859,3708.2350003165766,4844.3282272292045,nan,nan,../../../dataset/mimii/fan/id_02/abnormal/00000341.wav,id_02,fan,abnormal
None,None,None,None,None,None,None,None,None,None,1915.9241860753723,2824.959914856185,3776.717097042439,4834.5533508187555,259.16231415641033,8.534469602538763,../../../dataset/mimii/fan/id_02/abnormal/00000187.wav,id_02,fan,abnormal
0.1527451869152632,1.1422985047101974,0.10183012461017553,None,None,0.006436957886873144,2.7705207111182418e-05,0.000268961219990525,None,0.000806883659971575,1913.8825175673303,3013.571540705968,4006.2203831108704,4975.294509930678,247.81192654444916,44.47869113572811,../../../dataset/mimii/fan/id_02/abnormal/00000126.wav,id_02,fan,abnormal
None,None,None,None,None,None,None,None,None,None,1682.381532411591,2644.8617849885654,3611.656061796262,4755.7994413580445,225.65594287767357,4.378374815676793,../../../dataset/mimii/fan/id_02/abnormal/00000277.wav,id_02,fan,abnormal
0.0,0.0,None,None,None,0.006407491500785968,2.8965396334721706e-05,None,None,None,1877.7001449017914,2954.610633538909,3894.4799254119157,4901.6240383790255,229.98998694920124,40.95380036971159,../../../dataset/mimii/fan/id_02/abnormal/00000115.wav,id_02,fan,abnormal
None,None,None,None,None,None,None,None,None,None,1735.1893653209756,2669.3692582009103,3648.8404297733864,4884.515054714033,249.04955027316632,0.0,../../../dataset/mimii/fan/id_02/abnormal/00000302.wav,id_02,fan,abnormal
None,None,None,None,None,None,None,None,None,None,2094.9067248164743,3000.882542740352,3780.2034712953027,4829.230285561155,nan,nan,../../../dataset/mimii/fan/id_02/abnormal/00000262.wav,id_02,fan,abnormal
0.1554684466906783,1.4029797166585922,None,None,None,0.009149838353342356,3.636360927003609e-05,None,None,None,1887.5479620540866,2948.5095655808564,3909.5731394702166,4947.656892689414,253.19362541784778,19.260546641313027,../../../dataset/mimii/fan/id_02/abnormal/00000044.wav,id_02,fan,abnormal
None,None,None,None,None,None,None,None,None,None,554.7799492561084,1815.9063706735521,2726.5646261488228,3703.2132223682024,266.131379698636,0.3604875662491054,../../../dataset/mimii/fan/id_02/abnormal/00000167.wav,id_02,fan,abnormal
None,None,None,None,None,None,None,None,None,None,545.0272955505607,1735.2485118977124,2662.8001842354147,3611.6412968731543,nan,nan,../../../dataset/mimii/fan/id_02/abnormal/00000311.wav,id_02,fan,abnormal
0.0,0.0,None,None,None,0.0194423933025136,7.545323300817012e-05,None,None,None,1925.2255351978683,2958.374530965702,3952.1703617002736,4913.692997911231,258.2942224568075,12.239217890797764,../../../dataset/mimii/fan/id_02/abnormal/00000023.wav,id_02,fan,abnormal
None,None,None,None,None,None,None,None,None,None,1953.5340174670803,2963.8867493462876,3934.7247322633248,4969.649024981052,241.6946538133914,41.7668484249292,../../../dataset/mimii/fan/id_02/abnormal/00000050.wav,id_02,fan,abnormal
None,None,None,None,None,None,None,None,None,None,2071.1625004968196,2883.752772409921,3683.24833718,4804.9699450520375,nan,nan,../../../dataset/mimii/fan/id_02/abnormal/00000169.wav,id_02,fan,abnormal
None,None,None,None,None,None,None,None,None,None,1910.9139658251463,2818.2622436099878,3753.2427291034546,4786.204800314552,nan,nan,../../../dataset/mimii/fan/id_02/abnormal/00000145.wav,id_02,fan,abnormal
None,None,None,None,None,None,None,None,None,None,425.836083585264,1733.1228652510601,2731.6632584203862,3706.624982371802,nan,nan,../../../dataset/mimii/fan/id_02/abnormal/00000269.wav,id_02,fan,abnormal
0.020884531344518932,0.23184721979002157,0.0018248619621424307,None,None,0.001207952791870389,4.809533923144417e-06,0.0012079527918705342,None,0.0036238583756111665,1890.1108474227613,2936.2575988194444,3909.550901538397,4933.773296113793,252.2443136231769,16.174800731358413,../../../dataset/mimii/fan/id_02/abnormal/00000024.wav,id_02,fan,abnormal
None,None,None,None,None,None,None,None,None,None,419.096821107449,1662.5926887346045,2588.647844427745,3600.96730610189,nan,nan,../../../dataset/mimii/fan/id_02/abnormal/00000268.wav,id_02,fan,abnormal
None,None,None,None,None,None,None,None,None,None,1715.4547694190053,2590.241466669211,3580.556762574126,4751.52965812031,219.97016907215715,6.152762465161189,../../../dataset/mimii/fan/id_02/abnormal/00000297.wav,id_02,fan,abnormal
None,None,None,None,None,None,None,None,None,None,2084.531677508783,3114.5950564076816,4187.405542048883,4866.175293441374,240.49389628875488,44.383616769766924,../../../dataset/mimii/fan/id_02/abnormal/00000098.wav,id_02,fan,abnormal
None,None,None,None,None,None,None,None,None,None,1715.0908634265286,2577.5342379201848,3564.214431882941,4624.894395235736,213.4748669827194,79.50584826478935,../../../dataset/mimii/fan/id_02/abnormal/00000346.wav,id_02,fan,abnormal
0.02954600180230373,0.26019852608442307,0.019697334534869108,None,None,0.0017170993615058352,7.653897034431804e-06,0.000570964467444247,None,0.001712893402332352,1872.7355628105738,2927.8308153490457,3908.242394942994,4923.132686196092,242.51095101777926,48.52292834299247,../../../dataset/mimii/fan/id_02/abnormal/00000018.wav,id_02,fan,abnormal
None,None,None,None,None,None,None,None,None,None,1727.4745289995503,2775.0919102298617,3623.9123065109843,4825.300089824839,209.23572599053665,0.0,../../../dataset/mimii/fan/id_02/abnormal/00000326.wav,id_02,fan,abnormal
0.022830935694908242,0.20139756302038828,None,None,None,0.004232256932972887,1.8808028872671113e-05,None,None,None,1931.383513785394,2968.1194573346247,3923.68349982719,4891.395414884401,237.7006995282283,41.43926678770464,../../../dataset/mimii/fan/id_02/abnormal/00000054.wav,id_02,fan,abnormal
None,None,None,None,None,None,None,None,None,None,1886.3449794209232,2914.966176430219,3893.133413988508,4923.024650580702,265.88094347874204,16.882914581592036,../../../dataset/mimii/fan/id_02/abnormal/00000052.wav,id_02,fan,abnormal
None,None,None,None,None,None,None,None,None,None,1854.061990143624,2823.1136437805194,3748.636105985878,4819.817048248454,257.2253251816574,21.443641051805276,../../../dataset/mimii/fan/id_02/abnormal/00000207.wav,id_02,fan,abnormal
None,None,None,None,None,None,None,None,None,None,1940.8838153594756,2943.8404386173684,3875.4719837679477,4901.339003977383,257.2033168146977,20.95992515855774,../../../dataset/mimii/fan/id_02/abnormal/00000103.wav,id_02,fan,abnormal
0.01992025270929531,0.16021634762485823,0.01458868874305822,0.016903082417515886,None,0.004292813104835456,3.1827328988607954e-05,0.0025731904783363097,0.002971545760017613,0.007719571435009096,1781.6380125524547,2631.028275170696,3628.1632161770603,4595.319877128563,134.8966316401968,1.5685545726256536,../../../dataset/mimii/fan/id_02/abnormal/00000221.wav,id_02,fan,abnormal
None,None,None,None,None,None,None,None,None,None,532.151852215049,1796.0427530627082,2709.776628194743,3713.8463425099253,275.7898584237381,0.0,../../../dataset/mimii/fan/id_02/abnormal/00000206.wav,id_02,fan,abnormal
0.0,0.0,0.0,None,None,0.012882849618192483,5.902063278976949e-05,0.0038528335458133545,None,0.011558500637440157,1902.4440245126914,2948.0537691430613,3939.5377199235886,4964.080698045235,240.1058323323823,50.78022998795941,../../../dataset/mimii/fan/id_02/abnormal/00000120.wav,id_02,fan,abnormal
0.03595083062211491,0.3615810349583626,None,None,None,0.0,0.0,0.0,None,0.0,1878.2965667315168,2943.475584571536,3909.51310536949,4941.076237214769,250.92238548583634,15.713668761503552,../../../dataset/mimii/fan/id_02/abnormal/00000063.wav,id_02,fan,abnormal
None,None,None,None,None,None,None,None,None,None,1901.740390555192,2911.7565916230024,3732.2132341888664,4818.647378983316,238.92175195028653,0.0,../../../dataset/mimii/fan/id_02/abnormal/00000315.wav,id_02,fan,abnormal
0.0,0.0,0.0,None,None,0.010317451070679237,4.191109530710677e-05,0.007870661911293484,None,0.023611985733880455,2056.866255414549,3113.72677964846,3975.217732729661,5004.094678194332,252.92592621877435,33.978156710015725,../../../dataset/mimii/fan/id_02/abnormal/00000066.wav,id_02,fan,abnormal
None,None,None,None,None,None,None,None,None,None,1760.194275501497,2608.281000072838,3595.838173445466,4629.129824000281,249.1860213944643,6.810761176137228,../../../dataset/mimii/fan/id_02/abnormal/00000146.wav,id_02,fan,abnormal
None,None,None,None,None,None,None,None,None,None,433.84469864531445,1719.2804506404234,2741.922561937713,3575.8933818307273,260.7814780030052,0.0,../../../dataset/mimii/fan/id_02/abnormal/00000309.wav,id_02,fan,abnormal
0.04223606358909663,0.3605136275291443,0.03285027168040849,None,None,0.008717173200659624,3.3688348210000364e-05,0.002655386113173958,None,0.007966158339521799,1872.8600971885637,2952.642103650336,3893.067736660624,4904.996705222573,259.5150523198103,13.935508248128704,../../../dataset/mimii/fan/id_02/abnormal/00000012.wav,id_02,fan,abnormal
None,None,None,None,None,None,None,None,None,None,1737.3668195502469,2689.5010686319656,3586.1089029242844,4681.134220931836,126.90696987744347,0.0,../../../dataset/mimii/fan/id_02/abnormal/00000334.wav,id_02,fan,abnormal
0.11238724884604907,1.1327635248502095,0.11238724884604903,None,None,0.013172814690703418,5.138679763474491e-05,0.008226889755422278,None,0.024680669266266386,1962.209574059416,2990.4587749737693,3910.586240852618,4967.4623393921565,257.47095763515426,16.820123298721825,../../../dataset/mimii/fan/id_02/abnormal/00000093.wav,id_02,fan,abnormal
None,None,None,None,None,None,None,None,None,None,1880.3720233403376,2773.0448746069633,3722.416898851377,4808.268097140452,244.31930364422746,17.913374863314907,../../../dataset/mimii/fan/id_02/abnormal/00000210.wav,id_02,fan,abnormal
None,None,None,None,None,None,None,None,None,None,620.531529642644,1740.8400623282548,2687.5737801807345,3613.43276273747,150.91875520879626,0.0,../../../dataset/mimii/fan/id_02/abnormal/00000291.wav,id_02,fan,abnormal
None,None,None,None,None,None,None,None,None,None,569.2931962674693,1784.6100815170794,2680.034146138787,3659.3255396966065,234.7143572109419,8.998557868992052,../../../dataset/mimii/fan/id_02/abnormal/00000198.wav,id_02,fan,abnormal
None,None,None,None,None,None,None,None,None,None,1686.1664718881136,2790.077758681289,3684.012053038664,4794.653931803626,nan,nan,../../../dataset/mimii/fan/id_02/abnormal/00000358.wav,id_02,fan,abnormal
None,None,None,None,None,None,None,None,None,None,1903.3565213000018,2979.8672048469593,3922.3177074750747,4889.12343824409,246.45243050357132,22.727821820329662,../../../dataset/mimii/fan/id_02/abnormal/00000095.wav,id_02,fan,abnormal
0.10735941525475762,0.9723338458154883,0.0,None,None,0.011634327723342195,4.552467412123215e-05,0.002244911505711219,None,0.006734734517133879,1902.572950045874,2900.305205295676,3913.8664617792556,4956.386388804816,256.64669123699804,16.506450869893737,../../../dataset/mimii/fan/id_02/abnormal/00000102.wav,id_02,fan,abnormal
None,None,None,None,None,None,None,None,None,None,1795.8283700837194,2788.333393989642,3702.1466213927656,4786.968957947559,249.94978842671986,0.0,../../../dataset/mimii/fan/id_02/abnormal/00000321.wav,id_02,fan,abnormal
None,None,None,None,None,None,None,None,None,None,1779.503309499972,2614.0179451337463,3691.2851559672677,4214.8675962954485,250.9232527794377,34.497811915323005,../../../dataset/mimii/fan/id_02/abnormal/00000183.wav,id_02,fan,abnormal
None,None,None,None,None,None,None,None,None,None,1725.3258008961982,2650.1061593664895,3603.612047501023,4692.8784587190175,nan,nan,../../../dataset/mimii/fan/id_02/abnormal/00000303.wav,id_02,fan,abnormal
0.12809176327530597,0.9146881848573685,0.0732947319284876,0.11395412918782673,None,0.029846536994822478,0.0001115964329306819,0.01107607466209602,0.028717465639330086,0.03322822398628815,1330.696547418351,2304.995120392104,3525.7142539783968,4465.1463886134,267.8328410064055,9.936610006719397,../../../dataset/mimii/fan/id_02/abnormal/00000031.wav,id_02,fan,abnormal
None,None,None,None,None,None,None,None,None,None,1763.537303964339,2755.045434706646,3609.3015207311946,4771.188607775806,nan,nan,../../../dataset/mimii/fan/id_02/abnormal/00000314.wav,id_02,fan,abnormal
0.0,0.0,None,None,None,0.0008488269342878536,3.6177371463275154e-06,None,None,None,1896.0409897097243,2893.3315091129657,3769.906761996426,4697.033553165784,245.03361356473408,35.627001601289116,../../../dataset/mimii/fan/id_02/abnormal/00000038.wav,id_02,fan,abnormal
None,None,None,None,None,None,None,None,None,None,447.9037064045728,1721.2018679272785,2688.3926986124657,3617.2799096407293,nan,nan,../../../dataset/mimii/fan/id_02/abnormal/00000323.wav,id_02,fan,abnormal
None,None,None,None,None,None,None,None,None,None,1708.9357941684802,2634.932402884951,3553.891924530164,4645.543859725518,nan,nan,../../../dataset/mimii/fan/id_02/abnormal/00000295.wav,id_02,fan,abnormal
None,None,None,None,None,None,None,None,None,None,458.58778664580444,1755.6942931595843,2676.3405356712556,3656.466000104257,277.0368148607983,0.0,../../../dataset/mimii/fan/id_02/abnormal/00000284.wav,id_02,fan,abnormal
None,None,None,None,None,None,None,None,None,None,1884.2050193507096,2817.869665888729,3750.806394906018,4810.708903640579,nan,nan,../../../dataset/mimii/fan/id_02/abnormal/00000140.wav,id_02,fan,abnormal
None,None,None,None,None,None,None,None,None,None,2100.62493312664,3080.8264917570605,4080.9700998369967,5050.308322841874,240.091035721712,47.35001650438285,../../../dataset/mimii/fan/id_02/abnormal/00000113.wav,id_02,fan,abnormal
None,None,None,None,None,None,None,None,None,None,1967.4961025308694,2838.8877773157587,3754.8143942670276,4713.257591690024,246.06696586266156,19.944034325343196,../../../dataset/mimii/fan/id_02/abnormal/00000209.wav,id_02,fan,abnormal
None,None,None,None,None,None,None,None,None,None,1952.567592325778,2991.9171117885708,3644.342801148292,4673.131535222279,nan,nan,../../../dataset/mimii/fan/id_02/abnormal/00000316.wav,id_02,fan,abnormal
None,None,None,None,None,None,None,None,None,None,1717.243823344985,2644.885304635847,3605.9600754337857,4644.2261631508,nan,nan,../../../dataset/mimii/fan/id_02/abnormal/00000258.wav,id_02,fan,abnormal
0.0,0.0,None,None,None,0.02975747954758866,0.00011744433027653829,None,None,None,1784.934226137705,2839.2839661950798,3771.767191096521,4701.744161058303,254.80852866188553,19.163740132647696,../../../dataset/mimii/fan/id_02/abnormal/00000192.wav,id_02,fan,abnormal
None,None,None,None,None,None,None,None,None,None,1870.0394193519876,2922.618022065187,3898.9924952498736,4940.738978278272,254.89320803016446,20.773793421044203,../../../dataset/mimii/fan/id_02/abnormal/00000079.wav,id_02,fan,abnormal
None,None,None,None,None,None,None,None,None,None,623.0986216262589,1815.7719472792426,2818.7869482469873,3692.0559608019057,274.43881834612455,2.8482826555565737,../../../dataset/mimii/fan/id_02/abnormal/00000313.wav,id_02,fan,abnormal
0.06944423347640802,0.5959508073283359,0.01633981964150777,None,None,0.019664900205031206,7.952994191695725e-05,0.00029737332321181,None,0.0008921199696358589,2061.952580990888,3084.6813945441368,3896.961650222154,4955.569060515614,249.14055438558574,21.878514852810437,../../../dataset/mimii/fan/id_02/abnormal/00000040.wav,id_02,fan,abnormal
None,None,None,None,None,None,None,None,None,None,1837.4382219019972,2800.8115178501134,3705.7967589699156,4791.571071995963,nan,nan,../../../dataset/mimii/fan/id_02/abnormal/00000270.wav,id_02,fan,abnormal
0.20231201315648098,1.9329352770000696,0.2025124212923467,None,None,0.00574465377217599,2.1786950728035995e-05,0.0015254628336736772,None,0.004576388501020917,1883.3666665259252,2923.8643719286506,3905.476857724176,4932.355309343944,263.97145688668746,8.83137974291698,../../../dataset/mimii/fan/id_02/abnormal/00000053.wav,id_02,fan,abnormal
None,None,None,None,None,None,None,None,None,None,1688.5011022945534,2811.30507010546,3632.72944857848,4792.77257211437,nan,nan,../../../dataset/mimii/fan/id_02/abnormal/00000298.wav,id_02,fan,abnormal
None,None,None,None,None,None,None,None,None,None,564.0836623386817,1775.0093550129536,2648.834967496112,3679.16755573056,252.34568975691369,27.56259977109131,../../../dataset/mimii/fan/id_02/abnormal/00000194.wav,id_02,fan,abnormal
None,None,None,None,None,None,None,None,None,None,509.2682353867766,1732.7067151951142,2672.387914360183,3587.5152666130807,nan,nan,../../../dataset/mimii/fan/id_02/abnormal/00000283.wav,id_02,fan,abnormal
0.0,0.0,0.0,None,None,0.02769554613337464,0.00012119257926680423,0.00801928066448998,None,0.024057841993470337,1942.3005439351082,2998.0923333347423,3933.7170449264613,4978.844646093752,237.2685003099005,38.897851316146834,../../../dataset/mimii/fan/id_02/abnormal/00000129.wav,id_02,fan,abnormal
0.028083624560681003,0.2323540300130844,0.0,None,None,0.006542227477434716,2.5269873321599426e-05,0.004142915398644005,None,0.012428746195932237,1876.2588169803425,2917.2713207000374,3896.5916476417274,4933.761207845955,259.2335589888814,9.641458190856389,../../../dataset/mimii/fan/id_02/abnormal/00000118.wav,id_02,fan,abnormal
None,None,None,None,None,None,None,None,None,None,1995.728825921812,3005.7654110942312,4034.6423218755126,4986.174363041333,245.27086870516752,45.43929323227628,../../../dataset/mimii/fan/id_02/abnormal/00000100.wav,id_02,fan,abnormal
None,None,None,None,None,None,None,None,None,None,1861.463922340619,2760.443888083217,3740.154065923731,4802.292588397957,253.44118613697452,26.755769140589248,../../../dataset/mimii/fan/id_02/abnormal/00000238.wav,id_02,fan,abnormal
0.023961775454484722,0.19220924135879613,0.016451029549717232,0.004243231070065022,None,0.011977567385148808,5.1898014927747606e-05,0.0036854614514510264,0.007378728046536984,0.011056384354353225,1924.608380913662,2650.4593060029156,3850.8007563721403,4902.197339719268,242.79754397649475,36.858215275803694,../../../dataset/mimii/fan/id_02/abnormal/00000045.wav,id_02,fan,abnormal
0.014812941855616912,0.13098730240017176,0.009875294570411275,None,None,0.036965943375832415,0.0001435915785478496,0.002215841354052202,None,0.006647524062156829,1863.4535791558806,2942.126438401959,3906.3339504662295,4938.821115531783,257.94829596603006,11.155574227504244,../../../dataset/mimii/fan/id_02/abnormal/00000081.wav,id_02,fan,abnormal
0.003168171019356705,0.02859094412997365,None,None,None,0.001686733633785039,7.212671095274334e-06,None,None,None,1765.7770728413454,2909.555214001236,3891.201153298578,4907.66649953049,242.4698044398484,36.55480587550155,../../../dataset/mimii/fan/id_02/abnormal/00000117.wav,id_02,fan,abnormal
None,None,None,None,None,None,None,None,None,None,540.5423057605989,1756.315425957758,2629.596162146687,3630.0061977803457,263.3090934816995,18.04206887985125,../../../dataset/mimii/fan/id_02/abnormal/00000240.wav,id_02,fan,abnormal
0.04489088065265462,0.35896386951208115,None,None,None,0.017047955516464115,7.015975673477898e-05,None,None,None,1904.2835690477866,2957.3385203557295,3918.4668230174784,4879.665978359314,244.70291337058742,21.277906423400196,../../../dataset/mimii/fan/id_02/abnormal/00000032.wav,id_02,fan,abnormal
0.08374274017769537,0.588529926414291,0.002870008231304172,None,None,0.006514097492660491,2.7806890855259076e-05,0.0,None,0.0,1875.4433496615075,2959.832538703275,3916.7485259155496,4865.856523498308,248.78855499701058,46.78803144056073,../../../dataset/mimii/fan/id_02/abnormal/00000122.wav,id_02,fan,abnormal
None,None,None,None,None,None,None,None,None,None,1912.0094251972268,2966.3643109747763,3926.2497402020194,4874.37215641625,208.42896435117297,69.47604227297371,../../../dataset/mimii/fan/id_02/abnormal/00000001.wav,id_02,fan,abnormal
None,None,None,None,None,None,None,None,None,None,448.53275385073334,1716.0152952522155,2651.3907317288304,3640.2488971079506,nan,nan,../../../dataset/mimii/fan/id_02/abnormal/00000253.wav,id_02,fan,abnormal
0.0,0.0,0.0,None,None,0.003876692472373811,1.468100113763849e-05,0.0002912286063158407,None,0.0008736858189477512,1877.0715858617898,2927.1629011141927,3915.957594098782,4941.717882165464,265.69127445465483,19.37908629032709,../../../dataset/mimii/fan/id_02/abnormal/00000036.wav,id_02,fan,abnormal
None,None,None,None,None,None,None,None,None,None,424.6065962874424,1698.4626452653883,2664.883757989471,3611.9441850932185,282.33835050124566,0.0,../../../dataset/mimii/fan/id_02/abnormal/00000272.wav,id_02,fan,abnormal
None,None,None,None,None,None,None,None,None,None,1814.4927979261515,2756.853983456681,3734.2355651471325,4829.071060695073,259.1473230239908,8.066419465377663,../../../dataset/mimii/fan/id_02/abnormal/00000211.wav,id_02,fan,abnormal
0.08208365515699952,0.6999166203396661,0.03371361989999411,None,None,0.016871524051212596,7.474129414601087e-05,0.007409347276703318,None,0.022228041830110054,2088.1519261396356,3093.429776676823,3956.940210301423,5025.644393650998,246.20549700341508,42.06797392796526,../../../dataset/mimii/fan/id_02/abnormal/00000025.wav,id_02,fan,abnormal
None,None,None,None,None,None,None,None,None,None,1755.5389145932331,2580.7379805740015,3594.2150580658467,4401.1144778701255,nan,nan,../../../dataset/mimii/fan/id_02/abnormal/00000148.wav,id_02,fan,abnormal
None,None,None,None,None,None,None,None,None,None,1760.2987004300755,2771.1226864261967,3632.5512751596484,4893.10338419483,nan,nan,../../../dataset/mimii/fan/id_02/abnormal/00000310.wav,id_02,fan,abnormal
0.08820317560461896,0.8154357348879179,0.05880211706974599,None,None,0.016725966257850864,7.13847892179783e-05,0.006953121048306937,None,0.02085936314492081,1856.555062280881,2907.441341155669,3885.7285486655173,4911.869464962526,245.95784185754957,36.78108355387732,../../../dataset/mimii/fan/id_02/abnormal/00000027.wav,id_02,fan,abnormal
None,None,None,None,None,None,None,None,None,None,1976.588830359976,2965.7164799582597,3923.1748892778382,4947.716751408697,248.57567985144777,32.46745240808696,../../../dataset/mimii/fan/id_02/abnormal/00000082.wav,id_02,fan,abnormal
None,None,None,None,None,None,None,None,None,None,1938.4880322680294,2846.1092171503055,3761.3471024332225,4832.316291392573,263.1636385483155,3.087686618529659,../../../dataset/mimii/fan/id_02/abnormal/00000202.wav,id_02,fan,abnormal
None,None,None,None,None,None,None,None,None,None,536.8512730767674,1795.8690744422863,2702.586091809009,3654.674589940943,174.39389369530852,45.291736617222014,../../../dataset/mimii/fan/id_02/abnormal/00000163.wav,id_02,fan,abnormal
None,None,None,None,None,None,None,None,None,None,530.79558918575,1749.9645650952332,2626.7359329325413,3674.1648785414227,248.8124023633355,6.985605199958979,../../../dataset/mimii/fan/id_02/abnormal/00000158.wav,id_02,fan,abnormal
0.0,0.0,None,None,None,0.0027051438519278565,1.2969603530998443e-05,None,None,None,1805.4028804564114,2721.2961288963893,3715.6406526258083,4808.331650038019,208.57605973837224,0.28211412283029347,../../../dataset/mimii/fan/id_02/abnormal/00000229.wav,id_02,fan,abnormal
None,None,None,None,None,None,None,None,None,None,563.1591181716224,1784.5886343946136,2664.3370522634787,3657.679012876351,259.2931271539189,7.092582756543222,../../../dataset/mimii/fan/id_02/abnormal/00000239.wav,id_02,fan,abnormal
0.08137966142907209,0.7705924212932587,0.11998681937212309,None,None,0.011589230939594177,4.913047046754965e-05,2.955795305544473e-07,None,8.867385920725405e-07,1904.9613848216154,2944.7872668868017,3896.894440977732,4843.808913466942,237.0357471283194,16.975264557287208,../../../dataset/mimii/fan/id_02/abnormal/00000039.wav,id_02,fan,abnormal
None,None,None,None,None,None,None,None,None,None,534.6859424844336,1800.0746908529088,2735.438747182084,3735.136657480731,232.2704637850131,17.679324641706756,../../../dataset/mimii/fan/id_02/abnormal/00000212.wav,id_02,fan,abnormal
0.018033176873106915,0.11110800318419933,0.01202211791540461,None,None,0.016897863876369736,6.528544725758556e-05,0.005260224951941827,None,0.01578067485582548,1891.547002195941,2915.8286619457353,3914.126454675374,4929.094430865665,260.89779978051183,21.627572001756974,../../../dataset/mimii/fan/id_02/abnormal/00000084.wav,id_02,fan,abnormal
None,None,None,None,None,None,None,None,None,None,1962.046053427246,2943.225395232753,3841.4302007174037,4844.545939220497,237.87288965838158,48.94543644960148,../../../dataset/mimii/fan/id_02/abnormal/00000105.wav,id_02,fan,abnormal
None,None,None,None,None,None,None,None,None,None,445.3190272563753,1714.1847423396327,2637.681608153661,3574.519753186814,nan,nan,../../../dataset/mimii/fan/id_02/abnormal/00000352.wav,id_02,fan,abnormal
None,None,None,None,None,None,None,None,None,None,1941.7558291208934,2838.1438141167014,3740.6076629288573,4801.043209691309,224.2309698078936,15.497979802024473,../../../dataset/mimii/fan/id_02/abnormal/00000247.wav,id_02,fan,abnormal
None,None,None,None,None,None,None,None,None,None,1785.9407982592656,2680.087461969502,3655.2702972834263,4738.055441700244,242.06587969207965,26.114818528322004,../../../dataset/mimii/fan/id_02/abnormal/00000249.wav,id_02,fan,abnormal
None,None,None,None,None,None,None,None,None,None,1918.9131764183453,2825.8319935166633,3794.0234325678225,4847.883739563583,257.6968187545342,6.162037198133618,../../../dataset/mimii/fan/id_02/abnormal/00000231.wav,id_02,fan,abnormal
0.0975609091637631,0.8354776538908482,0.0,None,None,0.023683212002318845,9.535833686133779e-05,0.004472249347898055,None,0.013416748043694164,1825.7536632542476,2909.1133911670195,3825.484913058057,4846.826250906008,249.77581335463066,18.25446919729074,../../../dataset/mimii/fan/id_02/abnormal/00000085.wav,id_02,fan,abnormal
None,None,None,None,None,None,None,None,None,None,1742.7325451369718,2702.2939359307347,3657.7877468227434,4793.72869721352,272.13459304855945,5.403020212516651,../../../dataset/mimii/fan/id_02/abnormal/00000320.wav,id_02,fan,abnormal
None,None,None,None,None,None,None,None,None,None,1923.2049174889494,2807.6230105775817,3733.9357805105155,4802.305257237154,nan,nan,../../../dataset/mimii/fan/id_02/abnormal/00000174.wav,id_02,fan,abnormal
None,None,None,None,None,None,None,None,None,None,1850.3536647090446,2940.74292853217,3890.918086765969,4851.541378264247,233.14926930731335,30.93001431704491,../../../dataset/mimii/fan/id_02/abnormal/00000030.wav,id_02,fan,abnormal
None,None,None,None,None,None,None,None,None,None,1862.7473458896582,2922.9934275118135,3893.82440256118,4902.514544912423,252.71804320351782,17.952649298287085,../../../dataset/mimii/fan/id_02/abnormal/00000007.wav,id_02,fan,abnormal
None,None,None,None,None,None,None,None,None,None,1802.8431824253978,2719.1914195071586,3707.006979840117,4836.881155265891,259.41170665736354,16.37153391587546,../../../dataset/mimii/fan/id_02/abnormal/00000153.wav,id_02,fan,abnormal
0.10659840716818307,1.0285887929300468,0.05329920358409155,0.043180947349221926,None,0.006669295298067363,2.706123858017033e-05,0.0010608927897372482,0.0016358111938595907,0.003182678369211638,1885.112426994658,2925.942379952246,3914.818813679627,4875.399356361961,255.30220640970157,32.925351406333235,../../../dataset/mimii/fan/id_02/abnormal/00000125.wav,id_02,fan,abnormal
None,None,None,None,None,None,None,None,None,None,1820.886178725481,2760.2718041564317,3714.4891085815348,4790.611305817436,249.56041834308675,17.713337427153423,../../../dataset/mimii/fan/id_02/abnormal/00000188.wav,id_02,fan,abnormal
0.0,0.0,None,None,None,0.018557542166832367,7.599963204885443e-05,None,None,None,1928.1858404394895,2901.15248856839,3911.970889604939,4939.143889175137,249.44986126046268,30.814083144673685,../../../dataset/mimii/fan/id_02/abnormal/00000042.wav,id_02,fan,abnormal
None,None,None,None,None,None,None,None,None,None,1926.833904916262,2787.1813157607517,3739.0500442829225,4847.458917732339,269.1483008983496,13.9548499033329,../../../dataset/mimii/fan/id_02/abnormal/00000162.wav,id_02,fan,abnormal
None,None,None,None,None,None,None,None,None,None,1719.6420684456475,2654.109879253803,3609.097619843691,4782.472994759581,nan,nan,../../../dataset/mimii/fan/id_02/abnormal/00000296.wav,id_02,fan,abnormal
None,None,None,None,None,None,None,None,None,None,541.8912114519934,1793.3122676524083,2696.8638265629165,3686.0184428183984,254.93862913015192,10.145797613403486,../../../dataset/mimii/fan/id_02/abnormal/00000200.wav,id_02,fan,abnormal
0.04416276347611545,0.33967476338148117,None,None,None,0.0497128160618827,0.00018746571280945463,None,None,None,504.4097907323349,1788.2290696921743,2711.9392762127545,3711.3399840090206,265.47803473439876,8.781928633939252,../../../dataset/mimii/fan/id_02/abnormal/00000142.wav,id_02,fan,abnormal
None,None,None,None,None,None,None,None,None,None,1755.2517921374651,2798.096200566674,3667.173339312672,4817.718523790562,nan,nan,../../../dataset/mimii/fan/id_02/abnormal/00000335.wav,id_02,fan,abnormal
None,None,None,None,None,None,None,None,None,None,1792.8763006939478,2649.247301668811,3663.0036566972303,4558.66832357279,260.3109149486092,0.0,../../../dataset/mimii/fan/id_02/abnormal/00000189.wav,id_02,fan,abnormal
0.02744801055683447,0.3132150073846181,None,None,None,0.004785502458400493,2.0385032050299703e-05,None,None,None,1920.4281351685336,3015.8742997863405,3931.7834973410163,4968.316156394407,239.8023367367466,27.709235875704103,../../../dataset/mimii/fan/id_02/abnormal/00000068.wav,id_02,fan,abnormal
None,None,None,None,None,None,None,None,None,None,1705.96248406257,2603.7339006514508,3557.283818892369,4786.04292087648,nan,nan,../../../dataset/mimii/fan/id_02/abnormal/00000351.wav,id_02,fan,abnormal
None,None,None,None,None,None,None,None,None,None,1716.6702091624193,2543.0425244426806,3516.5841365991455,4441.530857182885,249.94978842671986,0.0,../../../dataset/mimii/fan/id_02/abnormal/00000329.wav,id_02,fan,abnormal
None,None,None,None,None,None,None,None,None,None,1796.553307026354,2691.4182405267275,3687.2333405411246,4735.9484836611455,236.635243669603,22.6842564983878,../../../dataset/mimii/fan/id_02/abnormal/00000246.wav,id_02,fan,abnormal
None,None,None,None,None,None,None,None,None,None,1928.5329829898396,2836.727872496234,3759.9117354802147,4822.970134077448,239.50869781684617,8.642876235265064,../../../dataset/mimii/fan/id_02/abnormal/00000152.wav,id_02,fan,abnormal
None,None,None,None,None,None,None,None,None,None,1917.3524020457628,2852.1929110559336,3755.01283557686,4833.044587314551,251.45506631414267,8.620885615643118,../../../dataset/mimii/fan/id_02/abnormal/00000177.wav,id_02,fan,abnormal
None,None,None,None,None,None,None,None,None,None,1853.131401176636,2768.223926800153,3716.4426378071425,4856.096235265507,238.73098459212204,3.447182021657227,../../../dataset/mimii/fan/id_02/abnormal/00000191.wav,id_02,fan,abnormal
None,None,None,None,None,None,None,None,None,None,1745.5258312155881,2638.465162666601,3624.132587102632,4795.419585673618,nan,nan,../../../dataset/mimii/fan/id_02/abnormal/00000285.wav,id_02,fan,abnormal
None,None,None,None,None,None,None,None,None,None,495.7976214403093,1716.2639494802886,2658.032771589421,3567.2667529920805,nan,nan,../../../dataset/mimii/fan/id_02/abnormal/00000318.wav,id_02,fan,abnormal
None,None,None,None,None,None,None,None,None,None,1806.1134052378818,2858.231314233023,3683.9930327541856,4829.479214507153,nan,nan,../../../dataset/mimii/fan/id_02/abnormal/00000274.wav,id_02,fan,abnormal
None,None,None,None,None,None,None,None,None,None,1699.186250766674,2637.129743001179,3560.750426356553,4641.123816494254,287.22099422438924,0.0,../../../dataset/mimii/fan/id_02/abnormal/00000279.wav,id_02,fan,abnormal
None,None,None,None,None,None,None,None,None,None,1775.2374258050086,2700.7578883331166,3630.1464143767266,4765.386617967401,nan,nan,../../../dataset/mimii/fan/id_02/abnormal/00000324.wav,id_02,fan,abnormal
None,None,None,None,None,None,None,None,None,None,529.8533262763558,1812.708670293414,2688.6085510664298,3668.251309397892,283.35891751312664,0.0,../../../dataset/mimii/fan/id_02/abnormal/00000203.wav,id_02,fan,abnormal
None,None,None,None,None,None,None,None,None,None,1926.9689247872996,2813.5763085918825,3733.133155503595,4796.952172131262,246.30493930246934,32.48753269547336,../../../dataset/mimii/fan/id_02/abnormal/00000227.wav,id_02,fan,abnormal
None,None,None,None,None,None,None,None,None,None,554.0341314732747,1769.4612315322029,2649.41556985311,3660.1908028684024,220.9175897994572,26.510696277768506,../../../dataset/mimii/fan/id_02/abnormal/00000216.wav,id_02,fan,abnormal
None,None,None,None,None,None,None,None,None,None,560.2033725874202,1747.941392642415,2629.77179632686,3599.6589419357933,258.99361082395785,6.778927150970278,../../../dataset/mimii/fan/id_02/abnormal/00000157.wav,id_02,fan,abnormal
None,None,None,None,None,None,None,None,None,None,454.75528904113247,1716.9255552607453,2688.5800125864203,3607.772081095469,nan,nan,../../../dataset/mimii/fan/id_02/abnormal/00000356.wav,id_02,fan,abnormal
None,None,None,None,None,None,None,None,None,None,1997.9470348929474,3059.6757609682577,3957.312750867513,4888.325318764821,219.84187877174605,64.16160976891429,../../../dataset/mimii/fan/id_02/abnormal/00000108.wav,id_02,fan,abnormal
None,None,None,None,None,None,None,None,None,None,1673.28136819504,2742.3867872403125,3607.90354245167,4755.76618504823,nan,nan,../../../dataset/mimii/fan/id_02/abnormal/00000345.wav,id_02,fan,abnormal
None,None,None,None,None,None,None,None,None,None,1915.505226508096,2858.6414911999714,3761.2934091194998,4818.129720710737,nan,nan,../../../dataset/mimii/fan/id_02/abnormal/00000199.wav,id_02,fan,abnormal
None,None,None,None,None,None,None,None,None,None,1688.8267036826235,2563.555910507187,3516.1913573026122,4577.01601183145,nan,nan,../../../dataset/mimii/fan/id_02/abnormal/00000350.wav,id_02,fan,abnormal
None,None,None,None,None,None,None,None,None,None,1697.9081616298904,2647.6719899423706,3557.887722297387,4717.397514384769,nan,nan,../../../dataset/mimii/fan/id_02/abnormal/00000307.wav,id_02,fan,abnormal
None,None,None,None,None,None,None,None,None,None,554.2355203738816,1850.471006745046,2736.165619122333,3713.622488265415,225.51206272329887,0.0,../../../dataset/mimii/fan/id_02/abnormal/00000224.wav,id_02,fan,abnormal
None,None,None,None,None,None,None,None,None,None,557.1178487952275,1801.8944510017216,2685.33832369447,3685.876242326121,250.62784455387157,0.0,../../../dataset/mimii/fan/id_02/abnormal/00000135.wav,id_02,fan,abnormal
0.10969096590502915,0.8571793138980865,0.07312731060335277,None,None,0.008856773241401206,3.4594128444593274e-05,0.00033485403095081184,None,0.0010045620928531016,1802.9278038909563,2911.339508298246,3915.322939818641,4925.599499985608,257.5839232411214,19.759814507351262,../../../dataset/mimii/fan/id_02/abnormal/00000049.wav,id_02,fan,abnormal
None,None,None,None,None,None,None,None,None,None,570.2190656839279,1784.8343245284354,2644.3798969957493,3635.922244634958,254.43363816728862,11.817686999556486,../../../dataset/mimii/fan/id_02/abnormal/00000151.wav,id_02,fan,abnormal
None,None,None,None,None,None,None,None,None,None,1896.8078698565805,2821.363506479514,3757.2421369415147,4831.044080540324,255.1924427432683,0.0,../../../dataset/mimii/fan/id_02/abnormal/00000242.wav,id_02,fan,abnormal
0.0,0.0,0.0,None,None,0.025571840917815995,0.000114037129277717,0.008285302753299665,None,0.024855908259898606,1970.6257061873705,2965.1467027449808,3961.462000538208,4909.619978589597,232.33270166305982,35.51620047864003,../../../dataset/mimii/fan/id_02/abnormal/00000096.wav,id_02,fan,abnormal
None,None,None,None,None,None,None,None,None,None,1712.6727701520015,2775.0193129796467,3637.643544502977,4771.974639774656,nan,nan,../../../dataset/mimii/fan/id_02/abnormal/00000289.wav,id_02,fan,abnormal
0.0,0.0,None,None,None,0.0010761743301032484,4.225287442491746e-06,None,None,None,1845.1736916766288,2915.1543534868965,3897.785803269517,4921.6628062673035,256.77099775983316,22.470121189318625,../../../dataset/mimii/fan/id_02/abnormal/00000014.wav,id_02,fan,abnormal
0.01738360467886572,0.16012385487556458,0.014486337232388125,None,None,0.019009257101534904,7.214031876724113e-05,0.008566576749858357,None,0.025699730249575184,1877.4257992237624,2926.231780087261,3933.3801308776247,4956.922996935214,264.4725444299924,15.160712082673603,../../../dataset/mimii/fan/id_02/abnormal/00000072.wav,id_02,fan,abnormal
None,None,None,None,None,None,None,None,None,None,1879.326776688014,2790.548835981489,3729.752839206195,4819.398117669102,222.8810416856781,0.0,../../../dataset/mimii/fan/id_02/abnormal/00000236.wav,id_02,fan,abnormal
0.0,0.0,None,None,None,0.0017846869438624476,7.20988823363182e-06,None,None,None,2039.3098917552118,2897.342574833054,3961.016133517895,4884.207488968259,250.4280133853258,25.604869690601273,../../../dataset/mimii/fan/id_02/abnormal/00000121.wav,id_02,fan,abnormal
None,None,None,None,None,None,None,None,None,None,2035.2244359810918,2986.9073436853023,3935.703614887886,4756.796355748809,268.1726738121693,13.832905802784534,../../../dataset/mimii/fan/id_02/abnormal/00000043.wav,id_02,fan,abnormal
None,None,None,None,None,None,None,None,None,None,509.9936062169815,1794.6634252747772,2690.9993478943143,3690.8953129341116,nan,nan,../../../dataset/mimii/fan/id_02/abnormal/00000243.wav,id_02,fan,abnormal
0.13973895652299384,1.228180006146431,None,None,None,0.014990813948922184,5.6420900939107774e-05,None,None,None,1925.1854275812668,2994.1206254795943,3973.9522840616346,4942.017780163461,266.73798210373644,16.67316610653035,../../../dataset/mimii/fan/id_02/abnormal/00000057.wav,id_02,fan,abnormal
None,None,None,None,None,None,None,None,None,None,565.6144536878498,1764.6745812970764,2607.0940089776564,3633.011368542885,249.1634432938822,22.42709239668575,../../../dataset/mimii/fan/id_02/abnormal/00000160.wav,id_02,fan,abnormal
0.1611435831798982,1.4957173044482868,0.037386139799449436,None,None,0.03368641249635044,0.00014904845302337648,0.009909228629153843,None,0.02972768588746114,2010.9240335206703,3086.112356538938,3915.5273460133913,4878.259926710119,250.79473764654517,43.372660212228766,../../../dataset/mimii/fan/id_02/abnormal/00000091.wav,id_02,fan,abnormal
None,None,None,None,None,None,None,None,None,None,1804.3829138630165,2723.1226862767735,3727.4335446641903,4888.881982762355,241.39327940895365,23.403391387507934,../../../dataset/mimii/fan/id_02/abnormal/00000222.wav,id_02,fan,abnormal
0.0,0.0,0.0,None,None,0.005712048459163749,3.4826517283335044e-05,0.003808032306109071,None,0.011424096918327497,1909.662458902483,3017.8951038412615,3981.2969452273837,4977.086012042944,206.70153809547782,81.39734766220947,../../../dataset/mimii/fan/id_02/abnormal/00000127.wav,id_02,fan,abnormal
None,None,None,None,None,None,None,None,None,None,544.2412046880569,1814.485922378029,2713.6643922710664,3696.713476006748,264.6833858450592,14.696372733125893,../../../dataset/mimii/fan/id_02/abnormal/00000226.wav,id_02,fan,abnormal
None,None,None,None,None,None,None,None,None,None,1729.676417196935,2762.95517773767,3622.62769403289,4749.872152398968,nan,nan,../../../dataset/mimii/fan/id_02/abnormal/00000312.wav,id_02,fan,abnormal
None,None,None,None,None,None,None,None,None,None,593.9121774657013,1806.564726798687,2670.582517539626,3669.298246847629,nan,nan,../../../dataset/mimii/fan/id_02/abnormal/00000166.wav,id_02,fan,abnormal
None,None,None,None,None,None,None,None,None,None,1753.9302594774074,2624.657675453965,3648.4282091916007,4355.783886340219,266.4918672648851,0.0,../../../dataset/mimii/fan/id_02/abnormal/00000175.wav,id_02,fan,abnormal
None,None,None,None,None,None,None,None,None,None,1961.2908182115423,2778.290492213656,3835.0321950051957,4894.904896990066,206.80479733364584,70.82311824651426,../../../dataset/mimii/fan/id_02/abnormal/00000099.wav,id_02,fan,abnormal
0.06364704818732483,0.5656415969133377,None,None,None,0.0027950004354847344,1.0794611249516882e-05,None,None,None,1884.6575186168234,2930.938336738081,3903.2950482621577,4926.564104789109,260.32961406660036,18.79143903040783,../../../dataset/mimii/fan/id_02/abnormal/00000086.wav,id_02,fan,abnormal
None,None,None,None,None,None,None,None,None,None,1870.3053264728235,2935.66561803576,3915.857281706272,4936.551810788222,237.84375827047728,58.03388696138878,../../../dataset/mimii/fan/id_02/abnormal/00000078.wav,id_02,fan,abnormal
0.050276246816732435,0.4016206634696573,0.038305711860367575,0.048501002925135615,None,0.0004842254312388975,7.324228624298705e-06,0.00027670020881548606,0.00023246303072038666,0.0008301006264466547,397.6866385392568,1731.0420819439153,2698.2568369152195,3563.6000570592114,74.47970330530869,38.49822279122726,../../../dataset/mimii/fan/id_02/abnormal/00000292.wav,id_02,fan,abnormal
None,None,None,None,None,None,None,None,None,None,1724.3882330776894,2668.2922602025683,3606.375181489999,4842.658778955065,nan,nan,../../../dataset/mimii/fan/id_02/abnormal/00000306.wav,id_02,fan,abnormal
None,None,None,None,None,None,None,None,None,None,1929.473644913923,2941.689759284591,3925.9808868819423,4916.63083149217,240.42514429148622,21.65208602435589,../../../dataset/mimii/fan/id_02/abnormal/00000110.wav,id_02,fan,abnormal
None,None,None,None,None,None,None,None,None,None,1720.3840807209851,2592.2753072535775,3571.0516255163934,4437.928641762058,nan,nan,../../../dataset/mimii/fan/id_02/abnormal/00000278.wav,id_02,fan,abnormal
None,None,None,None,None,None,None,None,None,None,1723.612737912706,2683.539872860147,3565.1372951824856,4656.729282580949,nan,nan,../../../dataset/mimii/fan/id_02/abnormal/00000267.wav,id_02,fan,abnormal
None,None,None,None,None,None,None,None,None,None,1883.0605242915015,2931.533504934392,3913.018966049229,4934.692666905919,232.90374130568213,41.85034662524742,../../../dataset/mimii/fan/id_02/abnormal/00000090.wav,id_02,fan,abnormal
None,None,None,None,None,None,None,None,None,None,1827.7358922069482,2760.699918088874,3736.2070863174936,4831.994864809918,229.58314576131383,16.17869671461108,../../../dataset/mimii/fan/id_02/abnormal/00000149.wav,id_02,fan,abnormal
None,None,None,None,None,None,None,None,None,None,1735.1376782701664,2847.6152165215494,3846.743765017132,4926.877841715091,242.75086130968083,49.26946690131861,../../../dataset/mimii/fan/id_02/abnormal/00000116.wav,id_02,fan,abnormal
None,None,None,None,None,None,None,None,None,None,521.5812797660543,1803.5635672418305,2705.556277877432,3705.1667009582907,266.4918672648851,0.0,../../../dataset/mimii/fan/id_02/abnormal/00000208.wav,id_02,fan,abnormal
None,None,None,None,None,None,None,None,None,None,396.2398336816791,1701.7220947431201,2628.305938206189,3598.4326590307073,nan,nan,../../../dataset/mimii/fan/id_02/abnormal/00000261.wav,id_02,fan,abnormal
None,None,None,None,None,None,None,None,None,None,456.8297051524569,1713.8545459350496,2701.53102348053,3616.306956702085,250.85427177453784,0.0,../../../dataset/mimii/fan/id_02/abnormal/00000301.wav,id_02,fan,abnormal
None,None,None,None,None,None,None,None,None,None,582.3218464799867,1797.6248660272906,2688.11747732924,3657.751696238866,251.08090355861316,0.0,../../../dataset/mimii/fan/id_02/abnormal/00000155.wav,id_02,fan,abnormal
None,None,None,None,None,None,None,None,None,None,547.2041207447924,1769.7562647075226,2682.4792049884613,3659.54374819225,264.38897113787664,9.438659741520903,../../../dataset/mimii/fan/id_02/abnormal/00000139.wav,id_02,fan,abnormal
None,None,None,None,None,None,None,None,None,None,552.5313992324681,1795.0965565866697,2669.0349631251997,3664.5124148672703,251.4360623224126,14.638014762699937,../../../dataset/mimii/fan/id_02/abnormal/00000214.wav,id_02,fan,abnormal
0.03186807470680526,0.32721996307373047,None,None,None,0.017566009670947683,7.117523010137343e-05,None,None,None,1870.3899882041749,2911.395943039657,3884.827451348384,4914.121911775329,248.20225446020424,17.959847964399398,../../../dataset/mimii/fan/id_02/abnormal/00000010.wav,id_02,fan,abnormal
None,None,None,None,None,None,None,None,None,None,575.3100576865604,1824.7397065573782,2718.9714862728674,3686.985522401843,252.26819643712324,13.888422380418302,../../../dataset/mimii/fan/id_02/abnormal/00000195.wav,id_02,fan,abnormal
None,None,None,None,None,None,None,None,None,None,1843.990335633125,2949.687276385439,3903.334721182273,4852.584947236717,246.15279895365651,64.81811356144367,../../../dataset/mimii/fan/id_02/abnormal/00000020.wav,id_02,fan,abnormal
None,None,None,None,None,None,None,None,None,None,487.77388091034226,1789.9834834296182,2686.897917689806,3652.351033104839,252.30593456896474,6.696267335108151,../../../dataset/mimii/fan/id_02/abnormal/00000184.wav,id_02,fan,abnormal
None,None,None,None,None,None,None,None,None,None,537.0189651938807,1802.0509786193468,2698.341306837321,3669.742866399407,270.0032700367229,4.75902057120366,../../../dataset/mimii/fan/id_02/abnormal/00000138.wav,id_02,fan,abnormal
None,None,None,None,None,None,None,None,None,None,1701.540595436349,2637.0316182393954,3556.58072601483,4617.249871074122,nan,nan,../../../dataset/mimii/fan/id_02/abnormal/00000259.wav,id_02,fan,abnormal
0.014485823403020856,0.1353100190560023,0.014485823403020901,None,None,0.033429428330137914,0.00012832118296490533,0.003268652119060795,None,0.009805956357182498,1875.0157680104928,2919.674951768884,3897.4627987053,4920.202348613327,261.04673989470064,11.747133962750885,../../../dataset/mimii/fan/id_02/abnormal/00000112.wav,id_02,fan,abnormal
0.06935516833261834,0.7201304523429523,0.08874588847295103,None,None,0.006161192792908271,3.437676599272768e-05,0.0027507499492798963,None,0.008252249847839378,2023.6562265899663,2883.3800292662418,3827.62971165226,4932.815324449189,212.03638081167833,69.09491445006473,../../../dataset/mimii/fan/id_02/abnormal/00000026.wav,id_02,fan,abnormal
0.06319085143704666,0.46816855669021606,0.04212723429136443,None,None,0.0039053240886117615,1.6793115478710118e-05,0.0006542243709282004,None,0.0019626731127843993,2072.4750781727894,3040.439594309711,3920.288936706069,4883.069721779005,234.76516883008546,23.4067968339634,../../../dataset/mimii/fan/id_02/abnormal/00000235.wav,id_02,fan,abnormal
0.0,0.0,None,None,None,0.006162648705428684,2.454357168183742e-05,None,None,None,1880.138302811892,2935.323817991132,3921.9099404279386,4951.157982258261,253.24182947912024,22.164384234804682,../../../dataset/mimii/fan/id_02/abnormal/00000089.wav,id_02,fan,abnormal
None,None,None,None,None,None,None,None,None,None,1718.5137295036861,2625.360081972394,3551.1352662570885,4642.01284621301,158.2372201875485,8.133367602395623,../../../dataset/mimii/fan/id_02/abnormal/00000266.wav,id_02,fan,abnormal
0.0,0.0,None,None,None,0.007564449254858669,3.68493487618725e-05,None,None,None,1888.2396108265402,2927.2869362149195,3894.2680709393135,4917.7174020311195,236.1280679275153,62.46678307455045,../../../dataset/mimii/fan/id_02/abnormal/00000073.wav,id_02,fan,abnormal
0.17785964360572307,1.5313564240932465,0.11857309573714876,None,None,0.003747447173085791,1.4707539927755154e-05,0.0008364649259329885,None,0.0025093947777989653,1850.5217473106263,2903.3916458570607,3877.984671019929,4914.467670511084,256.4150508021423,19.71236493352704,../../../dataset/mimii/fan/id_02/abnormal/00000017.wav,id_02,fan,abnormal
0.010816902324020036,0.0835954025387764,0.01081690232402006,None,None,0.01641205301064936,6.40174344366515e-05,0.00791063616805542,None,0.02373190850416626,920.9021155961826,1926.1639000655248,3055.3850441983886,4024.57946755422,257.83120328990293,18.795480052730532,../../../dataset/mimii/fan/id_02/abnormal/00000056.wav,id_02,fan,abnormal
None,None,None,None,None,None,None,None,None,None,505.674885638109,1789.598680315204,2711.2287396250235,3695.095482814896,261.1994506213181,25.082836832054703,../../../dataset/mimii/fan/id_02/abnormal/00000168.wav,id_02,fan,abnormal
0.1462099138561629,1.0580785125494003,0.09504267631314937,None,None,0.006900621848406141,2.920066822248322e-05,0.002398180787182705,None,0.007194542361548063,1921.38537887192,2944.094885093786,3901.2614770691425,4870.254426847545,249.24373029181078,39.41262339875611,../../../dataset/mimii/fan/id_02/abnormal/00000034.wav,id_02,fan,abnormal
None,None,None,None,None,None,None,None,None,None,610.0206849008807,1797.945291598862,2670.11541211361,3691.815056050001,141.6791445018165,0.0,../../../dataset/mimii/fan/id_02/abnormal/00000181.wav,id_02,fan,abnormal
None,None,None,None,None,None,None,None,None,None,1786.6193478336454,2677.690121422656,3661.0270484680727,4816.93627216559,251.08090355861316,0.0,../../../dataset/mimii/fan/id_02/abnormal/00000170.wav,id_02,fan,abnormal
0.07259937060845884,0.6619773743053278,0.05150845856308174,None,None,0.003064403570832904,1.301183360109294e-05,1.0226230988629829e-06,None,3.0678692965889487e-06,2048.712441543782,2977.9005543209605,4025.526140748681,4796.859432258526,242.77055777503844,33.12777239791765,../../../dataset/mimii/fan/id_02/abnormal/00000106.wav,id_02,fan,abnormal
None,None,None,None,None,None,None,None,None,None,1962.0048915432387,2887.248603710286,3735.595242061782,4798.262656019091,nan,nan,../../../dataset/mimii/fan/id_02/abnormal/00000287.wav,id_02,fan,abnormal
None,None,None,None,None,None,None,None,None,None,1971.9548612034782,2869.505761150554,3792.698815764759,4848.840293781181,nan,nan,../../../dataset/mimii/fan/id_02/abnormal/00000196.wav,id_02,fan,abnormal
None,None,None,None,None,None,None,None,None,None,1955.9730048101737,3035.5936150705747,3948.6621711661874,4984.848215928291,242.21979413435474,17.837607928634426,../../../dataset/mimii/fan/id_02/abnormal/00000033.wav,id_02,fan,abnormal
0.11052830814071175,0.9801605343818665,None,None,None,0.0358909406781829,0.00014964363473284233,None,None,None,1962.094697149432,2968.857680920343,3814.0644217667636,4959.058599343577,240.90834159916537,16.323238054314885,../../../dataset/mimii/fan/id_02/abnormal/00000092.wav,id_02,fan,abnormal
None,None,None,None,None,None,None,None,None,None,1835.6934904072825,2793.346361421358,3735.719360189084,4820.1387615048725,263.4784646484477,25.77217884615842,../../../dataset/mimii/fan/id_02/abnormal/00000180.wav,id_02,fan,abnormal
0.0,0.0,0.0,None,None,0.0069716286921288955,2.755560976039394e-05,0.002446595063645077,None,0.00733978519093556,2007.3544256002472,3047.765589366697,4038.4177871567135,4985.153806749344,260.1558077905844,34.637065869437016,../../../dataset/mimii/fan/id_02/abnormal/00000075.wav,id_02,fan,abnormal
0.1218970343911561,1.028333269059658,0.12468972186637144,None,None,0.02258025192861649,8.669396447115625e-05,0.002637946979211384,None,0.007913840937634038,1874.7723771969686,2926.580215787571,3892.0749302858217,4910.793666808716,261.51083755600746,16.435420350645458,../../../dataset/mimii/fan/id_02/abnormal/00000019.wav,id_02,fan,abnormal
None,None,None,None,None,None,None,None,None,None,1959.9333063229979,2855.6853598069533,3760.2758220524242,4838.462070184903,nan,nan,../../../dataset/mimii/fan/id_02/abnormal/00000164.wav,id_02,fan,abnormal
None,None,None,None,None,None,None,None,None,None,501.55310309960083,1819.6486423991266,2708.9841783529864,3728.011021118511,256.9494449790976,10.850123834547237,../../../dataset/mimii/fan/id_02/abnormal/00000182.wav,id_02,fan,abnormal
None,None,None,None,None,None,None,None,None,None,578.9017370076955,1812.83993436044,2720.7670508322685,3709.8131600536585,247.8223245071401,1.677431694178182,../../../dataset/mimii/fan/id_02/abnormal/00000244.wav,id_02,fan,abnormal
0.0957845547912264,0.7558561985691389,0.06877142295971057,None,None,0.007117971569919794,3.125948894397752e-05,0.0024720898703418735,None,0.00741626961102562,1866.5267087451211,2785.8557113780976,3754.2027305378,4847.400470678149,228.095439259838,9.556252046330341,../../../dataset/mimii/fan/id_02/abnormal/00000147.wav,id_02,fan,abnormal
None,None,None,None,None,None,None,None,None,None,1756.7346760784787,2799.460434270864,3701.507400868644,4810.86465440794,nan,nan,../../../dataset/mimii/fan/id_02/abnormal/00000340.wav,id_02,fan,abnormal
None,None,None,None,None,None,None,None,None,None,1777.9834089167766,2843.253822371911,3620.896633704721,4738.443223343434,268.4229833912392,0.0,../../../dataset/mimii/fan/id_02/abnormal/00000353.wav,id_02,fan,abnormal
None,None,None,None,None,None,None,None,None,None,537.6682542134114,1801.5082918119788,2723.288436384861,3689.5758212343844,267.70904451555884,14.965071945808218,../../../dataset/mimii/fan/id_02/abnormal/00000201.wav,id_02,fan,abnormal
0.0,0.0,0.0,None,None,0.03140659984967266,0.00013017705795532325,0.013375802080114763,None,0.04012740624034429,1931.6197177065012,2963.9068865717654,3923.600031138023,4888.644076509923,243.87977936625924,24.71431139109753,../../../dataset/mimii/fan/id_02/abnormal/00000002.wav,id_02,fan,abnormal
None,None,None,None,None,None,None,None,None,None,1994.8942037985962,2917.1234319581417,3727.1853997467956,4815.390540131365,nan,nan,../../../dataset/mimii/fan/id_02/abnormal/00000290.wav,id_02,fan,abnormal
0.0,0.0,None,None,None,0.012443378566961854,6.48325784794743e-05,None,None,None,1770.6182408653945,2905.2184747955703,3876.6957977256707,4876.64126230816,218.56032516270272,60.24584822103434,../../../dataset/mimii/fan/id_02/abnormal/00000003.wav,id_02,fan,abnormal
None,None,None,None,None,None,None,None,None,None,1706.0004342249545,2445.316363853701,3455.7542261815975,4532.671167209883,274.28994173386747,20.016619486367787,../../../dataset/mimii/fan/id_02/abnormal/00000172.wav,id_02,fan,abnormal
None,None,None,None,None,None,None,None,None,None,1935.9303322211604,2864.351522323939,3753.126439099904,4839.969778073308,253.46186860163883,13.087714915763256,../../../dataset/mimii/fan/id_02/abnormal/00000171.wav,id_02,fan,abnormal
None,None,None,None,None,None,None,None,None,None,1931.898096598805,2955.6833991409694,3873.5938477341606,4885.254115359385,247.94318786436432,26.391368916674814,../../../dataset/mimii/fan/id_02/abnormal/00000009.wav,id_02,fan,abnormal
0.0,0.0,None,None,None,0.011996883342274653,4.5966147851064874e-05,None,None,None,600.7401761144417,1785.4174762956106,2685.9036383808484,3691.248237528853,261.3243933058293,9.375699615595616,../../../dataset/mimii/fan/id_02/abnormal/00000136.wav,id_02,fan,abnormal
None,None,None,None,None,None,None,None,None,None,564.7226404835443,1798.0843455620804,2677.1946593303082,3663.387656678795,252.80290079368783,25.795891872931435,../../../dataset/mimii/fan/id_02/abnormal/00000165.wav,id_02,fan,abnormal
None,None,None,None,None,None,None,None,None,None,434.4046253659161,1718.9641623633872,2714.3372727743163,3616.602115248749,nan,nan,../../../dataset/mimii/fan/id_02/abnormal/00000264.wav,id_02,fan,abnormal
None,None,None,None,None,None,None,None,None,None,1745.885322929317,2635.735746765036,3559.5636219439248,4645.5559301323365,277.5376132610761,0.0,../../../dataset/mimii/fan/id_02/abnormal/00000342.wav,id_02,fan,abnormal
None,None,None,None,None,None,None,None,None,None,1992.3445824214996,3018.157286028852,3969.897132543764,4982.41314948835,232.95020536518876,45.70890548921593,../../../dataset/mimii/fan/id_02/abnormal/00000080.wav,id_02,fan,abnormal
0.0,0.0,None,None,None,0.014616690610580933,7.654556564735786e-05,None,None,None,1917.5648877488647,2957.781595673005,3931.850219458598,4872.4382452336795,224.4214150532251,56.70623766087592,../../../dataset/mimii/fan/id_02/abnormal/00000028.wav,id_02,fan,abnormal
None,None,None,None,None,None,None,None,None,None,1763.9834501266896,2750.0967828541548,3668.9185437064543,4797.691789067983,nan,nan,../../../dataset/mimii/fan/id_02/abnormal/00000331.wav,id_02,fan,abnormal
0.0,0.0,None,None,None,0.004314955421360118,1.664785780994141e-05,None,None,None,1873.6078682584732,2933.2055891421073,3911.357145539487,4922.849277030503,260.0028552130732,13.991257611332365,../../../dataset/mimii/fan/id_02/abnormal/00000070.wav,id_02,fan,abnormal
0.025269439896352868,0.1879588607698679,0.019913827261603453,0.0266724595443295,None,0.00880670375913424,3.432938996423174e-05,0.005211394981896835,0.007027346919848292,0.01563418494569043,1857.7482903729267,2907.9108390467545,3898.3947346299524,4934.261840676096,258.0337225015585,19.223518119430672,../../../dataset/mimii/fan/id_02/abnormal/00000062.wav,id_02,fan,abnormal
None,None,None,None,None,None,None,None,None,None,1830.815775465853,2879.7259714126035,3667.7997930482115,4816.808889543349,nan,nan,../../../dataset/mimii/fan/id_02/abnormal/00000348.wav,id_02,fan,abnormal
None,None,None,None,None,None,None,None,None,None,2002.833715938846,2586.100599876987,3658.540468471311,4802.2137579343425,274.5474298771441,0.0,../../../dataset/mimii/fan/id_02/abnormal/00000344.wav,id_02,fan,abnormal
None,None,None,None,None,None,None,None,None,None,1786.2126310371295,2620.391134400155,3666.453412328186,4179.589613373914,260.5460902424231,0.0,../../../dataset/mimii/fan/id_02/abnormal/00000220.wav,id_02,fan,abnormal
0.0,0.0,None,None,None,0.004816713156659357,2.3938838151839857e-05,None,None,None,1938.4658187730447,2917.1717131098344,3919.640762551849,4917.059131608521,232.13229151363166,51.738456608619806,../../../dataset/mimii/fan/id_02/abnormal/00000021.wav,id_02,fan,abnormal
None,None,None,None,None,None,None,None,None,None,1906.5704725647024,2813.4180859959056,3729.8796549750286,4848.421700705444,nan,nan,../../../dataset/mimii/fan/id_02/abnormal/00000197.wav,id_02,fan,abnormal
0.0,0.0,None,None,None,0.003681686686081298,1.4658791788461911e-05,None,None,None,528.4833138244184,1784.0881578983663,2658.4183574257277,3649.3221693127357,251.26206421410092,5.132696979974151,../../../dataset/mimii/fan/id_02/abnormal/00000154.wav,id_02,fan,abnormal
None,None,None,None,None,None,None,None,None,None,1901.3165088569265,2848.290589325044,3718.093809481717,4792.481798604517,nan,nan,../../../dataset/mimii/fan/id_02/abnormal/00000308.wav,id_02,fan,abnormal
None,None,None,None,None,None,None,None,None,None,1861.253395879227,2755.06728693509,3735.8240695160525,4895.422676697313,236.23654479959788,15.51920460248311,../../../dataset/mimii/fan/id_02/abnormal/00000173.wav,id_02,fan,abnormal
None,None,None,None,None,None,None,None,None,None,612.5776015586799,1754.5524207519964,2689.5621307140727,3603.1356550246574,nan,nan,../../../dataset/mimii/fan/id_02/abnormal/00000255.wav,id_02,fan,abnormal
None,None,None,None,None,None,None,None,None,None,2053.7307274567374,2923.45418911424,3735.7120586291085,4837.602553293632,nan,nan,../../../dataset/mimii/fan/id_02/abnormal/00000300.wav,id_02,fan,abnormal
0.02807984985392269,0.23403741132754546,0.018462907057131245,0.031228688508061965,None,0.02475333894705319,9.811247095313105e-05,0.0048234809519972464,0.013446337752648035,0.01447044285599178,1874.5321003536046,2941.9752103388337,3899.4551041824534,4937.049757286049,253.46773035894566,16.734770186106335,../../../dataset/mimii/fan/id_02/abnormal/00000094.wav,id_02,fan,abnormal
None,None,None,None,None,None,None,None,None,None,456.5610584863873,1724.4082588518772,2675.192802579725,3614.940258557435,200.36478987142576,0.0,../../../dataset/mimii/fan/id_02/abnormal/00000282.wav,id_02,fan,abnormal
0.05886943528652023,0.5089649930596352,None,None,None,0.02536067935111903,9.83457851689508e-05,None,None,None,1870.3398106797636,2927.6885336217806,3903.9110718845955,4917.453100653375,258.91819551121,16.287164868328638,../../../dataset/mimii/fan/id_02/abnormal/00000004.wav,id_02,fan,abnormal
0.08327901234567901,0.7181452214717865,0.03701289437585736,0.06662320987654327,None,0.023171285578887073,9.825273737982154e-05,0.0029701487514865936,0.0010352871871656451,0.00891044625445968,2047.0896227566432,2949.662297023429,3977.641267401392,4859.764763945586,245.1549951965247,33.727039839485656,../../../dataset/mimii/fan/id_02/abnormal/00000061.wav,id_02,fan,abnormal
0.05645811578249102,0.4673902131617069,0.06837790949306714,None,None,0.015148494846208699,6.234582913659825e-05,0.010609049891171304,None,0.0318271496735137,1899.911512258682,2958.3746294903835,3912.984080249866,4858.198075929627,248.9109877078155,32.33666730552012,../../../dataset/mimii/fan/id_02/abnormal/00000051.wav,id_02,fan,abnormal
0.008638417366737905,0.10087401606142521,None,None,None,0.027089478588569863,0.00013056270570586948,None,None,None,2479.9826063602927,2517.8415786913083,3422.954808281088,4549.719169386457,234.9340474114354,58.35716834303438,../../../dataset/mimii/fan/id_02/abnormal/00000064.wav,id_02,fan,abnormal
None,None,None,None,None,None,None,None,None,None,1973.8423710770633,2957.553853055169,3747.805148053717,4854.738753439269,nan,nan,../../../dataset/mimii/fan/id_02/abnormal/00000330.wav,id_02,fan,abnormal
None,None,None,None,None,None,None,None,None,None,1753.3065115850725,2604.375369538336,3594.066049405106,4612.141858079416,251.798959644893,26.49044964257405,../../../dataset/mimii/fan/id_02/abnormal/00000137.wav,id_02,fan,abnormal
0.0,0.0,None,None,None,0.022041915591768938,8.816165927063354e-05,None,None,None,1898.5123236438503,3008.7250703265363,3983.0303238847578,4987.790132640217,251.7095742875636,19.169622552500144,../../../dataset/mimii/fan/id_02/abnormal/00000119.wav,id_02,fan,abnormal
0.329541542206308,2.974245250225067,None,None,None,0.005749865413277599,2.35880508801644e-05,None,None,None,1854.5782193944995,2914.905575118565,3890.1340379735316,4903.386669980067,244.96376270712292,16.69518244494163,../../../dataset/mimii/fan/id_02/abnormal/00000006.wav,id_02,fan,abnormal
None,None,None,None,None,None,None,None,None,None,1945.2062983880217,2849.865380784626,3787.828420522763,4821.733605792903,nan,nan,../../../dataset/mimii/fan/id_02/abnormal/00000248.wav,id_02,fan,abnormal
None,None,None,None,None,None,None,None,None,None,1984.1451619851962,2869.2687687801067,3932.4954225259276,4920.184234411902,253.4225901856683,12.825003303152476,../../../dataset/mimii/fan/id_02/abnormal/00000046.wav,id_02,fan,abnormal
0.0,0.0,None,None,None,0.01198892452205637,5.815614026958085e-05,None,None,None,1983.8138279026355,2940.6737098844123,3975.32273014397,4922.116767744726,223.48354851965465,48.86532491853532,../../../dataset/mimii/fan/id_02/abnormal/00000088.wav,id_02,fan,abnormal
None,None,None,None,None,None,None,None,None,None,1914.2272096397153,2949.0407539570924,3696.0231158899032,4818.4961348263705,nan,nan,../../../dataset/mimii/fan/id_02/abnormal/00000354.wav,id_02,fan,abnormal
0.0,0.0,None,None,None,0.010163787044214083,4.4010864261500617e-05,None,None,None,1741.2165126777963,2556.9147364225955,3560.0594823513743,4475.182464402062,231.95542268416253,15.41362211579467,../../../dataset/mimii/fan/id_02/abnormal/00000134.wav,id_02,fan,abnormal
None,None,None,None,None,None,None,None,None,None,471.70260671383,1689.4653428341194,2690.433330589826,3607.8554146885176,250.1756030643565,0.0,../../../dataset/mimii/fan/id_02/abnormal/00000257.wav,id_02,fan,abnormal
