filename,Jitter.local,Jitter.RAP,Jitter.PPQ5,Jitter.APQ55,Shimmer.local,Shimmer.APQ3,Shimmer.APQ5,Shimmer.APQ11,Shimmer.APQ55,PVI,PPF,DPF,PPE,Hp.mean.1,Hp.SD.1,RelHp.1
00000000.wav,9.021898e+00,5.352357e+00,5.925213e+00,8.235032e+00,3.722028e+01,2.191268e+01,2.556050e+01,2.903843e+01,3.598509e+01,4.600520e+00,2.113076e+01,7.460518e+01,4.114214e+00,-2.333401e+01,5.837575e+00,3.427993e-02
00000001.wav,7.206392e+00,4.224749e+00,4.550173e+00,6.162961e+00,3.063317e+01,1.819753e+01,2.340652e+01,2.786881e+01,3.382131e+01,3.830515e+00,1.256684e+01,7.486631e+01,3.698718e+00,-2.343537e+01,8.176079e+00,3.163411e-02
00000002.wav,6.634142e+00,4.008091e+00,4.115098e+00,5.725060e+00,3.357636e+01,2.004485e+01,2.370003e+01,2.727822e+01,3.334922e+01,2.084448e+00,1.249120e+01,7.821956e+01,3.379907e+00,-2.502199e+01,6.520111e+00,3.170366e-02
00000003.wav,9.376296e+00,5.550153e+00,6.046597e+00,8.517736e+00,3.808521e+01,2.219039e+01,2.681268e+01,3.146660e+01,3.803593e+01,5.097545e+00,1.774471e+01,7.406983e+01,4.239560e+00,-2.553406e+01,5.585683e+00,3.213394e-02
00000004.wav,9.102042e+00,5.409549e+00,5.947722e+00,8.170867e+00,4.163073e+01,2.447010e+01,2.952478e+01,3.412663e+01,4.020869e+01,3.878950e+00,2.233010e+01,7.414239e+01,4.012432e+00,-2.482233e+01,5.908921e+00,3.254017e-02
00000005.wav,4.093929e+00,2.473358e+00,2.648298e+00,4.208964e+00,2.896208e+01,1.667930e+01,2.090951e+01,2.483486e+01,3.092049e+01,1.566461e+00,8.027523e+00,7.748471e+01,2.457413e+00,-2.847236e+01,5.657037e+00,2.930025e-02
00000006.wav,9.101986e+00,5.343240e+00,5.914209e+00,7.923863e+00,3.731989e+01,2.174955e+01,2.658343e+01,3.050676e+01,3.640741e+01,4.068962e+00,2.123331e+01,7.387158e+01,4.095719e+00,-2.359162e+01,4.969611e+00,3.501249e-02
00000007.wav,8.955408e+00,5.301195e+00,5.776287e+00,7.047420e+00,3.939111e+01,2.283403e+01,2.930899e+01,3.503520e+01,4.130335e+01,4.113750e+00,2.674927e+01,7.408892e+01,3.823463e+00,-2.169827e+01,5.042111e+00,3.739662e-02
00000008.wav,6.530444e+00,3.922728e+00,4.075003e+00,5.445831e+00,2.893173e+01,1.659614e+01,2.048858e+01,2.354313e+01,3.011543e+01,2.257346e+00,3.833567e+00,7.917251e+01,3.177167e+00,-2.134682e+01,5.471019e+00,3.728862e-02
00000009.wav,3.703535e+00,2.212020e+00,2.421807e+00,2.976508e+00,3.037350e+01,1.729700e+01,2.246005e+01,2.756516e+01,3.452019e+01,1.212042e+00,7.864203e+00,7.743876e+01,2.705831e+00,-2.905884e+01,5.775557e+00,2.870726e-02
00000010.wav,8.983148e+00,5.306908e+00,5.983891e+00,8.264800e+00,3.700278e+01,2.113831e+01,2.918052e+01,3.596960e+01,4.428374e+01,3.528463e+00,3.516156e+01,7.172619e+01,3.742383e+00,-2.363053e+01,5.579983e+00,3.423426e-02
00000011.wav,6.549359e+00,3.949387e+00,4.087719e+00,5.333822e+00,2.976936e+01,1.693548e+01,2.112012e+01,2.471737e+01,3.189523e+01,1.750809e+00,3.516174e+00,8.007501e+01,2.690862e+00,-2.216786e+01,5.517550e+00,3.612011e-02
00000012.wav,9.558973e+00,5.748472e+00,6.279100e+00,8.509095e+00,3.934248e+01,2.218564e+01,2.827076e+01,3.310330e+01,3.971927e+01,4.425334e+00,2.937434e+01,7.472605e+01,3.932376e+00,-2.429411e+01,5.435297e+00,3.363673e-02
00000013.wav,9.259081e+00,5.546013e+00,5.943837e+00,8.118258e+00,4.051597e+01,2.394757e+01,3.002861e+01,3.540667e+01,4.321816e+01,4.201170e+00,2.314410e+01,7.544508e+01,3.992510e+00,-2.527198e+01,5.672864e+00,3.231556e-02
00000014.wav,5.478884e+00,3.304796e+00,3.457401e+00,4.900559e+00,2.900545e+01,1.652603e+01,2.044505e+01,2.394637e+01,2.985445e+01,2.851296e+00,3.074836e+00,7.910920e+01,3.756289e+00,-2.147939e+01,5.727360e+00,3.675559e-02
00000015.wav,8.727969e+00,5.196908e+00,5.636383e+00,7.563803e+00,3.468108e+01,2.014615e+01,2.426826e+01,2.761249e+01,3.332738e+01,4.248465e+00,1.744116e+01,7.589016e+01,4.046586e+00,-2.629383e+01,5.687475e+00,3.126826e-02
00000016.wav,8.476194e+00,4.951853e+00,5.543152e+00,7.952125e+00,3.131137e+01,1.807016e+01,2.215561e+01,2.545606e+01,3.066155e+01,5.086441e+00,1.461538e+01,7.289941e+01,4.218622e+00,-2.576628e+01,5.986155e+00,3.149365e-02
00000017.wav,9.303755e+00,5.534650e+00,6.020951e+00,7.653109e+00,3.431990e+01,2.011483e+01,2.395963e+01,2.765574e+01,3.464217e+01,4.682248e+00,2.780254e+01,7.418581e+01,4.071315e+00,-2.165775e+01,5.313550e+00,3.707645e-02
00000018.wav,8.635376e+00,5.167983e+00,5.471175e+00,7.503510e+00,3.399018e+01,2.005916e+01,2.378605e+01,2.688388e+01,3.248068e+01,3.709412e+00,1.242938e+01,7.659403e+01,4.037389e+00,-2.673323e+01,5.114637e+00,3.139928e-02
00000019.wav,7.722444e+00,4.467044e+00,4.878226e+00,7.311600e+00,3.011576e+01,1.792373e+01,2.121751e+01,2.421289e+01,2.928877e+01,5.573733e+00,9.863744e+00,7.422986e+01,4.131705e+00,-2.657379e+01,5.876628e+00,3.081624e-02
00000020.wav,9.293343e+00,5.549531e+00,6.307855e+00,8.627852e+00,3.948032e+01,2.324330e+01,2.808186e+01,3.176729e+01,3.817940e+01,3.101646e+00,36,7.317895e+01,3.682716e+00,-2.326673e+01,5.675959e+00,3.455104e-02
00000021.wav,9.096966e+00,5.383834e+00,5.910616e+00,7.339282e+00,3.535001e+01,2.108596e+01,2.818335e+01,3.420352e+01,4.038452e+01,3.578812e+00,2.826321e+01,7.317512e+01,3.736842e+00,-2.267695e+01,6.059668e+00,3.479880e-02
00000022.wav,5.763302e+00,3.444728e+00,3.744455e+00,5.540610e+00,3.167573e+01,1.823100e+01,2.288676e+01,2.742150e+01,3.417218e+01,2.574629e+00,1.870177e+01,7.167499e+01,3.111941e+00,-2.639161e+01,8.155991e+00,2.894557e-02
00000023.wav,6.920054e+00,4.080258e+00,4.359680e+00,6.060406e+00,3.088522e+01,1.817133e+01,2.151682e+01,2.417279e+01,2.809883e+01,3.392380e+00,4.346782e+00,7.708934e+01,3.784173e+00,-2.409701e+01,5.582828e+00,3.369291e-02
00000024.wav,9.497989e+00,5.662192e+00,6.186100e+00,9.411370e+00,3.708024e+01,2.131933e+01,2.571380e+01,3.064293e+01,4.163116e+01,4.987182e+00,3.005087e+01,7.380087e+01,4.084739e+00,-2.447072e+01,7.237352e+00,3.153771e-02
00000025.wav,8.510342e+00,5.067578e+00,5.683559e+00,8.285956e+00,4.163270e+01,2.484167e+01,3.186958e+01,3.762979e+01,4.497775e+01,4.827077e+00,1.723731e+01,7.432113e+01,4.134815e+00,-2.605272e+01,5.487385e+00,3.170566e-02
00000026.wav,7.737937e+00,4.499160e+00,4.913198e+00,7.893360e+00,3.121670e+01,1.832634e+01,2.170884e+01,2.526587e+01,3.011731e+01,5.201532e+00,9.577875e+00,7.374090e+01,4.166361e+00,-2.566105e+01,6.027635e+00,3.155700e-02
00000027.wav,8.903507e+00,5.387365e+00,5.866345e+00,8.045242e+00,4.016058e+01,2.437058e+01,3.008462e+01,3.508586e+01,4.230770e+01,3.167711e+00,2.695621e+01,7.541278e+01,3.336717e+00,-2.366052e+01,6.174888e+00,3.351722e-02
00000028.wav,8.667196e+00,5.242235e+00,5.457841e+00,6.789499e+00,3.708449e+01,2.165698e+01,2.700783e+01,3.180461e+01,3.713044e+01,3.732028e+00,1.258926e+01,7.873578e+01,4.029899e+00,-2.515675e+01,5.511474e+00,3.260704e-02
00000029.wav,9.101655e+00,5.409185e+00,5.839505e+00,7.687817e+00,3.897808e+01,2.293713e+01,2.797043e+01,3.288551e+01,3.958648e+01,4.559600e+00,2.462888e+01,7.496626e+01,3.986039e+00,-2.262294e+01,5.202590e+00,3.593823e-02
00000030.wav,6.215662e+00,3.678288e+00,4.052866e+00,5.432456e+00,2.931108e+01,1.729037e+01,2.155308e+01,2.502411e+01,3.060372e+01,2.090967e+00,3.603193e+00,7.758267e+01,3.211698e+00,-2.309876e+01,6.305157e+00,3.400907e-02
00000031.wav,2.634378e+00,1.584042e+00,1.711861e+00,3.602770e+00,3.181524e+01,1.900223e+01,2.354096e+01,2.817919e+01,3.666745e+01,2.039845e+00,8.055236e+00,7.784810e+01,2.782108e+00,-2.758630e+01,6.555089e+00,2.928996e-02
00000032.wav,6.044042e+00,3.599112e+00,3.792950e+00,5.481726e+00,3.131658e+01,1.857626e+01,2.222505e+01,2.529392e+01,3.313183e+01,2.962058e+00,6.542617e+00,7.833133e+01,3.769431e+00,-2.516717e+01,6.195319e+00,3.188522e-02
00000033.wav,5.531838e+00,3.338980e+00,3.508711e+00,4.446376e+00,2.814422e+01,1.599669e+01,1.934751e+01,2.286367e+01,2.934037e+01,1.221465e+00,5.128901e+00,7.910448e+01,2.758648e+00,-2.312506e+01,5.991402e+00,3.434483e-02
00000034.wav,9.367577e+00,5.589025e+00,6.093304e+00,8.491092e+00,3.474122e+01,2.021476e+01,2.703728e+01,3.222615e+01,3.962114e+01,4.210670e+00,2.508039e+01,7.434084e+01,4.126957e+00,-2.411553e+01,5.604966e+00,3.364682e-02
00000035.wav,7.598440e+00,4.595092e+00,4.867811e+00,6.871594e+00,3.236980e+01,1.899583e+01,2.194274e+01,2.556178e+01,3.789845e+01,3.071816e+00,1.983676e+01,7.562101e+01,3.213249e+00,-2.568940e+01,6.892212e+00,3.069216e-02
00000036.wav,8.264207e+00,4.985787e+00,5.170561e+00,6.677686e+00,2.957093e+01,1.709771e+01,2.014596e+01,2.305534e+01,2.772420e+01,2.728480e+00,1.332750e+01,7.926509e+01,3.288953e+00,-2.238559e+01,7.147064e+00,3.386083e-02
00000037.wav,8.278852e+00,4.868675e+00,5.357536e+00,7.719483e+00,3.236952e+01,1.922403e+01,2.291266e+01,2.622026e+01,3.236645e+01,4.817061e+00,1.811283e+01,7.314418e+01,3.999558e+00,-2.644230e+01,5.708035e+00,3.110387e-02
00000038.wav,8.477325e+00,5.027027e+00,5.400611e+00,7.352358e+00,3.067684e+01,1.769866e+01,2.113105e+01,2.426775e+01,3.076113e+01,3.499714e+00,2.420771e+01,7.468499e+01,3.629177e+00,-2.468960e+01,6.714688e+00,3.184279e-02
00000039.wav,9.203114e+00,5.444402e+00,5.901113e+00,8.304155e+00,3.512959e+01,2.027811e+01,2.538745e+01,2.984681e+01,3.638749e+01,4.027940e+00,2.238854e+01,7.372611e+01,4.142538e+00,-2.357424e+01,5.440722e+00,3.446498e-02
00000040.wav,8.527463e+00,5.071753e+00,5.633398e+00,7.107279e+00,4.054336e+01,2.412362e+01,2.976763e+01,3.457530e+01,4.357682e+01,2.258312e+00,4.395664e+01,7.214092e+01,3.414253e+00,-1.894880e+01,4.785699e+00,4.213276e-02
00000041.wav,8.304350e+00,4.807353e+00,5.478053e+00,7.821347e+00,2.904397e+01,1.666483e+01,2.038068e+01,2.358772e+01,2.845227e+01,4.695842e+00,1.254048e+01,7.318222e+01,4.208515e+00,-2.409613e+01,5.518273e+00,3.376735e-02
00000042.wav,6.323958e+00,3.791545e+00,3.908700e+00,5.131184e+00,2.890112e+01,1.665493e+01,2.049402e+01,2.463917e+01,3.137009e+01,2.578664e+00,5.486929e+00,7.943120e+01,3.582353e+00,-2.460841e+01,5.780665e+00,3.290656e-02
00000043.wav,8.744365e+00,5.159493e+00,5.601202e+00,7.187030e+00,3.699911e+01,2.183620e+01,2.666638e+01,3.061801e+01,3.787736e+01,4.165823e+00,2.452830e+01,7.386970e+01,3.968555e+00,-2.184966e+01,5.366322e+00,3.674312e-02
00000044.wav,8.159749e+00,4.754136e+00,5.238959e+00,8.224441e+00,2.949238e+01,1.710063e+01,2.151818e+01,2.509899e+01,2.993962e+01,5.744829e+00,1.409938e+01,7.397516e+01,4.160569e+00,-2.761948e+01,6.368657e+00,2.942203e-02
00000045.wav,9.778328e+00,5.986183e+00,6.155786e+00,6.987059e+00,4.018234e+01,2.395977e+01,2.794874e+01,3.200537e+01,3.989596e+01,2.828189e+00,2.962488e+01,7.816608e+01,3.298323e+00,-1.812793e+01,5.598688e+00,4.214675e-02
00000046.wav,9.426883e+00,5.616952e+00,6.081159e+00,8.299836e+00,3.705241e+01,2.168047e+01,2.711343e+01,3.155886e+01,3.871592e+01,4.470033e+00,2.717134e+01,7.367354e+01,4.031395e+00,-2.340918e+01,5.752475e+00,3.429160e-02
00000047.wav,9.361168e+00,5.569771e+00,6.118452e+00,8.440841e+00,3.690947e+01,2.183222e+01,2.639109e+01,3.006860e+01,3.664449e+01,4.814746e+00,1.985752e+01,7.468091e+01,4.228412e+00,-2.294312e+01,5.697727e+00,3.491517e-02
00000048.wav,9.663517e+00,5.799567e+00,6.148607e+00,8.052090e+00,3.659683e+01,2.071311e+01,2.626082e+01,3.056130e+01,3.689968e+01,3.959773e+00,1.786201e+01,7.638397e+01,4.226477e+00,-2.589832e+01,5.566222e+00,3.178181e-02
00000049.wav,6.445350e+00,3.904057e+00,4.024101e+00,5.089067e+00,2.914648e+01,1.646921e+01,2.024980e+01,2.422096e+01,3.165557e+01,2.114906e+00,3.106145e+00,7.930726e+01,3.037460e+00,-2.206556e+01,5.411922e+00,3.639343e-02
00000050.wav,9.010797e+00,5.370808e+00,5.832229e+00,7.719984e+00,3.624217e+01,2.056903e+01,2.678056e+01,3.172113e+01,4.002918e+01,4.466949e+00,2.575296e+01,7.482234e+01,4.021558e+00,-2.281017e+01,5.417151e+00,3.542667e-02
00000051.wav,7.150690e+00,4.123494e+00,4.544511e+00,6.705793e+00,2.627021e+01,1.472010e+01,1.903584e+01,2.268949e+01,2.764428e+01,4.134977e+00,1.191642e+01,7.339210e+01,3.923064e+00,-2.721864e+01,6.719500e+00,2.946537e-02
00000052.wav,8.529718e+00,5.011617e+00,5.606771e+00,7.010950e+00,3.727937e+01,2.093314e+01,2.650744e+01,3.107346e+01,3.893973e+01,2.782867e+00,2.971131e+01,7.297514e+01,3.446291e+00,-2.529418e+01,5.099141e+00,3.290196e-02
00000053.wav,9.255073e+00,5.536194e+00,6.112994e+00,7.475287e+00,4.227853e+01,2.407797e+01,3.143411e+01,3.852716e+01,4.861161e+01,3.543133e+00,4.409069e+01,7.298601e+01,3.642985e+00,-1.856962e+01,4.365635e+00,4.360099e-02
00000054.wav,9.332804e+00,5.536672e+00,5.985355e+00,8.470369e+00,3.702586e+01,2.107147e+01,2.737728e+01,3.242853e+01,4.008518e+01,4.600154e+00,2.292191e+01,7.345718e+01,4.175387e+00,-2.486213e+01,5.723392e+00,3.269521e-02
00000055.wav,3.581279e+00,2.153813e+00,2.262748e+00,4.049413e+00,2.688199e+01,1.486023e+01,1.888781e+01,2.282451e+01,3.206036e+01,2.334668e+00,4.263094e+00,7.904994e+01,3.242723e+00,-2.817756e+01,8.164274e+00,2.751650e-02
00000056.wav,9.211979e+00,5.494485e+00,6.131599e+00,8.721819e+00,3.625630e+01,2.050685e+01,2.505025e+01,2.962862e+01,4.264667e+01,4.252677e+00,2.063586e+01,7.441860e+01,4.125096e+00,-3.110602e+01,6.893680e+00,2.631600e-02
00000057.wav,8.465837e+00,4.982338e+00,5.413857e+00,7.335738e+00,2.820350e+01,1.606344e+01,2.010244e+01,2.341925e+01,2.905525e+01,4.606495e+00,1.645924e+01,7.517113e+01,4.100644e+00,-2.572673e+01,5.962508e+00,3.155645e-02
00000058.wav,5.198677e+00,3.168580e+00,3.155872e+00,4.159819e+00,2.837227e+01,1.613470e+01,1.941289e+01,2.406842e+01,3.194117e+01,2.492007e+00,1.853183e+01,7.910678e+01,3.177757e+00,-2.098551e+01,6.552597e+00,3.631332e-02
00000059.wav,9.260002e+00,5.466691e+00,6.016964e+00,8.612290e+00,3.362330e+01,1.928677e+01,2.308254e+01,2.669095e+01,3.593600e+01,5.751010e+00,1.998183e+01,7.366031e+01,4.217302e+00,-2.507484e+01,5.920235e+00,3.226319e-02
00000060.wav,4.670612e+00,2.778154e+00,3.055257e+00,4.471253e+00,3.549185e+01,2.103441e+01,2.827696e+01,3.473284e+01,4.583217e+01,2.223481e+00,8.241354e+00,7.593819e+01,2.710926e+00,-2.887983e+01,5.752745e+00,2.887455e-02
00000061.wav,4.300328e+00,2.554755e+00,2.752685e+00,5.067773e+00,3.427543e+01,2.021000e+01,2.818382e+01,3.468985e+01,4.316087e+01,3.142306e+00,5.749487e+00,7.611225e+01,3.079434e+00,-2.967220e+01,5.949183e+00,2.807302e-02
00000062.wav,8.848762e+00,5.236273e+00,5.572691e+00,7.364283e+00,4.156121e+01,2.440934e+01,3.245421e+01,3.902130e+01,4.930300e+01,4.407635e+00,2.409218e+01,7.388268e+01,3.966617e+00,-2.410046e+01,6.292086e+00,3.290281e-02
00000063.wav,9.185007e+00,5.439471e+00,5.973206e+00,8.620017e+00,4.266134e+01,2.479098e+01,3.309153e+01,3.983822e+01,4.908834e+01,4.708920e+00,2.181762e+01,7.444756e+01,4.161903e+00,-2.472430e+01,6.010180e+00,3.253674e-02
00000064.wav,8.865873e+00,5.201688e+00,5.669283e+00,8.706010e+00,4.135568e+01,2.397668e+01,3.227930e+01,3.943816e+01,5.057875e+01,4.864154e+00,2.133419e+01,7.347728e+01,4.162981e+00,-2.341041e+01,5.804829e+00,3.422871e-02
00000065.wav,6.673139e+00,3.813048e+00,4.187637e+00,7.026382e+00,3.306469e+01,1.905515e+01,2.576087e+01,3.151730e+01,4.005465e+01,4.314651e+00,7.561971e+00,7.367430e+01,4.064827e+00,-3.146117e+01,6.435935e+00,2.638724e-02
00000066.wav,6.775825e+00,4.019444e+00,4.206340e+00,6.224719e+00,3.492756e+01,2.036928e+01,2.824657e+01,3.502949e+01,4.340580e+01,3.816904e+00,6.357388e+00,7.746277e+01,3.970709e+00,-2.638858e+01,6.208491e+00,3.067760e-02
00000067.wav,8.794669e+00,5.209718e+00,5.669382e+00,8.242081e+00,4.028037e+01,2.358744e+01,3.374525e+01,4.206214e+01,5.137810e+01,4.295369e+00,1.461972e+01,7.518310e+01,4.189779e+00,-2.585372e+01,5.716487e+00,3.167543e-02
00000068.wav,7.693800e+00,4.566796e+00,4.911410e+00,6.673572e+00,4.259152e+01,2.506156e+01,3.526599e+01,4.458365e+01,5.456231e+01,2.647163e+00,2.457966e+01,7.437950e+01,3.528428e+00,-2.402643e+01,6.280541e+00,3.299571e-02
00000069.wav,9.101752e+00,5.402426e+00,5.932859e+00,8.303269e+00,4.300801e+01,2.494734e+01,3.497915e+01,4.394752e+01,5.377271e+01,4.551154e+00,1.654286e+01,7.520000e+01,4.218210e+00,-2.626608e+01,5.464658e+00,3.151518e-02
00000070.wav,9.202857e+00,5.511312e+00,5.932682e+00,8.132603e+00,4.530513e+01,2.556042e+01,3.468586e+01,4.250122e+01,5.329733e+01,4.052989e+00,2.172181e+01,7.552083e+01,4.130301e+00,-2.544174e+01,5.877991e+00,3.192876e-02
00000071.wav,9.062205e+00,5.375502e+00,5.855474e+00,8.173595e+00,4.481642e+01,2.599989e+01,3.802514e+01,4.813343e+01,5.859518e+01,3.783742e+00,1.821153e+01,7.465835e+01,4.062566e+00,-2.701352e+01,5.765530e+00,3.050729e-02
00000072.wav,9.160300e+00,5.457233e+00,5.960287e+00,8.483612e+00,4.431220e+01,2.519405e+01,3.542204e+01,4.388938e+01,5.431786e+01,5.006455e+00,1.929929e+01,7.476247e+01,4.148387e+00,-2.580954e+01,5.671511e+00,3.176514e-02
00000073.wav,8.796868e+00,5.247197e+00,5.668221e+00,7.101644e+00,4.724813e+01,2.622167e+01,3.810218e+01,4.867376e+01,5.597609e+01,4.261999e+00,2.619808e+01,7.511537e+01,3.924395e+00,-2.243322e+01,6.050335e+00,3.510798e-02
00000074.wav,8.970936e+00,5.328291e+00,5.812622e+00,8.122264e+00,4.477391e+01,2.589245e+01,3.630117e+01,4.502229e+01,5.551976e+01,4.866271e+00,1.863636e+01,7.436364e+01,4.147236e+00,-2.328262e+01,5.672404e+00,3.453632e-02
00000075.wav,7.527702e+00,4.473230e+00,4.992344e+00,8.287128e+00,4.975294e+01,2.895241e+01,3.701481e+01,4.461230e+01,6.052762e+01,4.074159e+00,1.107760e+01,7.266246e+01,3.871968e+00,-3.742774e+01,6.698689e+00,2.266215e-02
00000076.wav,6.261626e+00,3.738890e+00,3.959625e+00,6.152081e+00,3.981240e+01,2.335011e+01,2.905580e+01,3.501136e+01,4.472925e+01,2.720074e+00,4.640829e+00,7.862256e+01,3.005202e+00,-2.180233e+01,5.743155e+00,3.630359e-02
00000077.wav,8.173461e+00,4.771733e+00,5.219943e+00,7.701941e+00,4.179170e+01,2.418675e+01,3.223025e+01,3.920669e+01,4.844541e+01,4.765560e+00,1.576069e+01,7.359280e+01,4.084482e+00,-2.559691e+01,5.960163e+00,3.168862e-02
00000078.wav,4.245467e+00,2.562462e+00,2.644081e+00,4.007038e+00,4.206777e+01,2.317555e+01,3.365511e+01,4.224617e+01,4.954156e+01,2.105929e+00,6.169297e+00,7.718795e+01,2.805275e+00,-2.983261e+01,6.027457e+00,2.788618e-02
00000079.wav,3.747928e+00,2.249849e+00,2.320949e+00,4.197504e+00,4.389304e+01,2.519752e+01,3.430225e+01,4.400543e+01,5.585670e+01,2.179657e+00,1.003735e+01,7.847806e+01,2.802621e+00,-2.879413e+01,5.819739e+00,2.889015e-02
00000080.wav,9.100768e+00,5.379350e+00,5.911531e+00,8.378715e+00,4.663673e+01,2.698512e+01,3.514018e+01,4.258032e+01,5.318218e+01,3.818317e+00,2.062365e+01,7.372646e+01,4.109127e+00,-2.505867e+01,5.610190e+00,3.260636e-02
00000081.wav,4.500286e+00,2.694144e+00,2.893398e+00,3.955222e+00,4.387838e+01,2.541183e+01,3.294179e+01,4.006245e+01,5.117806e+01,1.719310e+00,1.015561e+01,7.821458e+01,2.610588e+00,-3.003156e+01,5.579666e+00,2.808103e-02
00000082.wav,4.456435e+00,2.645307e+00,2.927473e+00,3.220804e+00,4.022946e+01,2.333290e+01,3.498132e+01,4.512869e+01,5.735735e+01,1.190693e+00,9.987567e+00,7.637795e+01,2.853978e+00,-3.022463e+01,5.929600e+00,2.765928e-02
00000083.wav,8.943655e+00,5.363429e+00,5.834732e+00,8.217183e+00,4.668848e+01,2.636302e+01,3.612047e+01,4.493198e+01,5.493468e+01,4.339095e+00,1.647160e+01,7.607765e+01,4.186142e+00,-2.692847e+01,5.587997e+00,3.075365e-02
00000084.wav,4.669384e+00,2.804121e+00,2.874984e+00,4.577800e+00,4.032478e+01,2.239706e+01,3.168175e+01,4.063250e+01,5.241912e+01,2.549962e+00,7.647059e+00,7.930147e+01,2.971775e+00,-2.996651e+01,5.931803e+00,2.785647e-02
00000085.wav,5.335390e+00,3.212951e+00,3.323869e+00,5.746916e+00,4.948567e+01,2.907963e+01,3.833161e+01,4.735939e+01,6.057103e+01,1.766014e+00,2.599620e+01,7.634409e+01,3.138388e+00,-2.440711e+01,6.344711e+00,3.251840e-02
00000086.wav,9.013438e+00,5.355420e+00,5.782210e+00,7.976348e+00,4.823608e+01,2.778430e+01,3.650884e+01,4.517763e+01,5.787645e+01,4.504238e+00,3.247294e+01,7.431307e+01,3.848187e+00,-2.520630e+01,6.038168e+00,3.200566e-02
00000087.wav,8.766161e+00,5.167090e+00,5.576314e+00,7.327763e+00,4.446561e+01,2.507913e+01,3.493138e+01,4.380306e+01,5.534270e+01,3.428027e+00,2.441696e+01,7.424028e+01,3.955548e+00,-2.420933e+01,6.045444e+00,3.305263e-02
00000088.wav,6.145433e+00,3.673367e+00,3.878190e+00,6.096734e+00,3.965126e+01,2.317934e+01,3.109194e+01,3.747911e+01,4.362351e+01,3.191509e+00,4.237510e+00,7.873398e+01,3.764199e+00,-2.796274e+01,5.970901e+00,2.946928e-02
00000089.wav,8.940252e+00,5.324975e+00,5.679275e+00,7.696180e+00,4.452817e+01,2.465817e+01,3.476944e+01,4.404312e+01,5.567280e+01,4.042474e+00,2.618881e+01,7.451049e+01,3.968745e+00,-2.456761e+01,5.764901e+00,3.296793e-02
00000090.wav,8.708926e+00,5.179577e+00,5.650367e+00,8.184555e+00,4.280829e+01,2.512300e+01,3.463380e+01,4.273315e+01,5.356506e+01,4.166973e+00,1.711656e+01,7.521472e+01,4.108042e+00,-2.602638e+01,5.454277e+00,3.176554e-02
00000091.wav,6.959905e+00,4.170851e+00,4.448171e+00,6.759687e+00,3.837872e+01,2.190815e+01,3.044968e+01,3.702599e+01,4.498389e+01,2.962650e+00,5.117169e+00,7.886179e+01,3.167526e+00,-2.654857e+01,6.084368e+00,3.064389e-02
00000092.wav,9.498001e+00,5.693070e+00,6.420017e+00,9.297894e+00,4.993959e+01,2.936650e+01,3.914276e+01,4.747021e+01,6.099157e+01,4.035927e+00,3.293856e+01,7.401925e+01,3.884341e+00,-2.300458e+01,5.742889e+00,3.478567e-02
00000093.wav,9.536351e+00,5.698208e+00,6.399855e+00,9.350599e+00,5.163304e+01,3.018652e+01,4.138345e+01,5.121686e+01,6.584135e+01,4.682895e+00,3.539683e+01,7.138889e+01,3.976530e+00,-2.401090e+01,5.925252e+00,3.340442e-02
00000094.wav,7.487565e+00,4.401300e+00,4.850132e+00,5.640391e+00,4.044979e+01,2.316097e+01,3.015611e+01,3.617749e+01,4.741375e+01,2.649245e+00,1.867470e+01,7.488705e+01,3.479745e+00,-2.828232e+01,5.720032e+00,2.940973e-02
00000095.wav,9.106721e+00,5.361430e+00,5.997202e+00,7.938642e+00,4.957125e+01,2.852716e+01,3.910419e+01,4.979503e+01,6.492283e+01,3.752036e+00,4.131054e+01,7.155745e+01,3.577699e+00,-2.062698e+01,4.792658e+00,3.933966e-02
00000096.wav,6.691302e+00,4.026441e+00,4.157722e+00,6.457051e+00,3.861684e+01,2.198294e+01,3.020227e+01,3.750045e+01,4.415831e+01,3.506885e+00,5.541434e+00,7.948653e+01,3.363645e+00,-2.693207e+01,5.309506e+00,3.101585e-02
00000097.wav,7.424671e+00,4.504215e+00,4.473184e+00,6.622677e+00,3.807814e+01,2.166949e+01,2.965186e+01,3.698342e+01,4.700613e+01,3.055965e+00,7.033082e+00,8.022923e+01,3.823369e+00,-2.608545e+01,5.931742e+00,3.123322e-02
00000098.wav,8.828939e+00,5.216511e+00,5.818243e+00,8.059931e+00,4.458624e+01,2.568334e+01,3.495865e+01,4.275386e+01,5.465622e+01,3.377095e+00,1.542330e+01,7.454596e+01,4.044679e+00,-2.658789e+01,5.615723e+00,3.105242e-02
00000099.wav,9.110197e+00,5.478906e+00,5.760277e+00,8.211793e+00,4.414863e+01,2.573162e+01,3.617895e+01,4.549390e+01,5.819982e+01,3.517772e+00,2.674806e+01,7.532371e+01,3.867523e+00,-2.475939e+01,6.543991e+00,3.194543e-02
00000100.wav,8.533744e+00,5.105581e+00,5.661726e+00,8.098119e+00,4.550398e+01,2.562638e+01,3.530966e+01,4.378701e+01,5.745811e+01,4.244429e+00,1.930678e+01,7.543326e+01,3.579297e+00,-2.653759e+01,6.886479e+00,2.991856e-02
00000101.wav,9.077938e+00,5.401716e+00,5.875558e+00,8.086377e+00,4.302869e+01,2.428384e+01,3.305492e+01,4.073228e+01,5.329116e+01,4.632757e+00,1.992056e+01,7.516040e+01,4.089169e+00,-2.474828e+01,5.763772e+00,3.277393e-02
00000102.wav,8.609700e+00,5.059890e+00,5.714833e+00,7.755968e+00,4.338791e+01,2.541192e+01,3.446910e+01,4.300041e+01,5.580501e+01,4.527287e+00,2.111619e+01,7.265013e+01,4.009803e+00,-2.516321e+01,5.864056e+00,3.222972e-02
00000103.wav,4.320553e+00,2.582657e+00,2.760781e+00,3.995871e+00,3.748355e+01,2.184411e+01,2.891787e+01,3.665999e+01,4.869546e+01,2.143245e+00,5.593220e+00,7.640678e+01,2.795036e+00,-2.850500e+01,6.151275e+00,2.885480e-02
00000104.wav,8.581951e+00,5.191635e+00,5.663446e+00,8.090461e+00,4.785050e+01,2.755263e+01,3.673635e+01,4.566326e+01,6.099026e+01,4.152529e+00,1.911555e+01,7.463623e+01,3.766278e+00,-2.856813e+01,5.786229e+00,2.910838e-02
00000105.wav,3.823967e+00,2.255820e+00,2.442733e+00,2.815535e+00,3.762840e+01,2.093285e+01,2.818688e+01,3.586450e+01,4.837933e+01,9.870844e-01,5.331243e+00,7.569581e+01,2.806164e+00,-3.130391e+01,6.160716e+00,2.669184e-02
00000106.wav,9.077690e+00,5.424655e+00,5.795160e+00,7.754331e+00,4.298257e+01,2.492973e+01,3.292845e+01,4.087388e+01,5.412258e+01,4.223858e+00,2.665303e+01,7.464213e+01,3.938891e+00,-2.297174e+01,5.583351e+00,3.502003e-02
00000107.wav,8.418240e+00,4.934755e+00,5.572505e+00,8.568453e+00,4.696228e+01,2.680472e+01,3.829994e+01,4.858195e+01,6.059111e+01,3.125570e+00,4.126731e+01,7.145900e+01,3.523981e+00,-1.727604e+01,5.443864e+00,4.401428e-02
00000108.wav,9.161787e+00,5.509282e+00,5.842048e+00,8.162868e+00,4.462388e+01,2.569868e+01,3.210548e+01,3.934029e+01,5.209616e+01,4.710603e+00,2.672444e+01,7.649913e+01,3.997756e+00,-2.234097e+01,5.707578e+00,3.565247e-02
00000109.wav,4.010739e+00,2.397497e+00,2.498349e+00,4.116011e+00,3.864863e+01,2.197590e+01,2.949004e+01,3.762527e+01,5.033290e+01,2.122928e+00,7.882403e+00,7.758841e+01,2.933674e+00,-2.501697e+01,6.140751e+00,3.209478e-02
00000110.wav,6.531039e+00,3.769482e+00,4.198392e+00,6.154895e+00,3.474532e+01,1.959473e+01,2.651397e+01,3.297028e+01,4.364507e+01,3.620386e+00,1.189189e+01,7.322523e+01,3.704471e+00,-2.793587e+01,5.818019e+00,2.962622e-02
00000111.wav,8.067934e+00,4.680304e+00,5.325607e+00,7.940905e+00,4.090535e+01,2.376747e+01,2.955321e+01,3.634970e+01,4.678690e+01,3.292444e+00,2.313576e+01,7.231358e+01,3.763789e+00,-2.624176e+01,5.747729e+00,3.126027e-02
00000112.wav,8.417658e+00,5.022548e+00,5.568801e+00,7.487836e+00,4.588695e+01,2.634004e+01,3.474077e+01,4.254589e+01,5.246758e+01,3.028267e+00,2.945703e+01,7.302266e+01,3.583641e+00,-2.427959e+01,5.964600e+00,3.306420e-02
00000113.wav,7.964029e+00,4.707533e+00,5.262109e+00,8.520111e+00,4.597241e+01,2.631620e+01,3.647622e+01,4.661583e+01,6.256434e+01,5.006927e+00,2.237762e+01,7.004049e+01,3.989907e+00,-2.850074e+01,6.408114e+00,2.864603e-02
00000114.wav,5.399952e+00,3.246756e+00,3.384411e+00,5.546857e+00,3.619072e+01,2.078789e+01,2.684355e+01,3.278322e+01,4.477293e+01,2.798743e+00,5.785627e+00,7.911084e+01,3.573444e+00,-2.675848e+01,5.547395e+00,3.095413e-02
00000115.wav,8.991137e+00,5.376488e+00,5.854321e+00,8.526383e+00,4.833389e+01,2.840135e+01,3.447233e+01,4.116071e+01,5.138000e+01,3.628191e+00,3.376392e+01,7.376392e+01,3.670560e+00,-2.407685e+01,5.240290e+00,3.410975e-02
00000116.wav,8.712521e+00,5.181836e+00,5.815381e+00,8.728745e+00,4.758477e+01,2.722189e+01,3.550532e+01,4.376401e+01,5.471829e+01,2.922032e+00,4.059561e+01,7.011494e+01,3.530307e+00,-2.060756e+01,6.300281e+00,3.716389e-02
00000117.wav,4.470739e+00,2.638131e+00,2.780043e+00,3.745808e+00,3.570524e+01,2.046417e+01,2.631488e+01,3.349343e+01,4.600584e+01,1.049853e+00,8.978072e+00,7.699628e+01,2.662752e+00,-2.935023e+01,6.167222e+00,2.815517e-02
00000118.wav,6.122387e+00,3.624085e+00,3.785322e+00,6.003352e+00,3.234203e+01,1.892084e+01,2.533751e+01,3.137478e+01,4.205744e+01,3.158766e+00,3.285899e+00,7.759379e+01,3.896532e+00,-2.581579e+01,5.387059e+00,3.204836e-02
00000119.wav,4.916309e+00,2.877963e+00,3.139323e+00,5.589230e+00,4.074935e+01,2.384568e+01,3.125422e+01,3.887149e+01,5.095091e+01,2.534910e+00,1.722689e+01,7.494748e+01,3.204689e+00,-2.147379e+01,7.647140e+00,3.433956e-02
