filename,Jitter.local,Jitter.RAP,Jitter.PPQ5,Jitter.APQ55,Shimmer.local,Shimmer.APQ3,Shimmer.APQ5,Shimmer.APQ11,Shimmer.APQ55,PVI,PPF,DPF,PPE,Hp.mean.1,Hp.SD.1,RelHp.1,machine_type,machine_id,label
00000000.wav,4.170878,2.534656,2.683896,4.012738,18.88095,10.8349,11.84667,13.9767,20.48406,1.760408,21.43808,74.50067,2.620219,-15.03105,8.01721,0.04338722,slider,id_02,abnormal
00000001.wav,3.590818,2.182382,2.324188,3.502908,16.66654,9.440384,10.66591,12.73525,19.3359,1.048628,19.89138,73.11609,2.377621,-15.25839,7.743405,0.04347487,slider,id_02,abnormal
00000002.wav,3.312997,2.022444,2.135978,3.159277,17.07452,9.644473,10.72675,12.8019,18.90573,0.9088864,10.51771,75.42234,2.264835,-12.09886,9.351945,0.04661829,slider,id_02,abnormal
00000003.wav,3.188848,1.911068,2.026579,3.441736,15.87882,8.908327,9.780109,11.95483,18.05073,1.253347,14.64546,72.76342,2.406448,-16.32705,9.461423,0.03877701,slider,id_02,abnormal
00000004.wav,3.620157,2.214028,2.330587,3.924658,18.0632,10.1098,11.67271,13.47167,20.03207,2.400037,21.23188,71.44928,2.54077,-17.27027,5.726814,0.04348378,slider,id_02,abnormal
00000005.wav,2.768456,1.716154,1.8134,2.403147,16.74754,9.365802,10.70394,12.80202,18.97407,0.7159638,15.96505,74.74186,2.059448,-17.79654,5.22955,0.04342899,slider,id_02,abnormal
00000006.wav,3.816229,2.296508,2.501265,4.101488,17.63027,10.02407,10.98468,13.33794,20.2637,1.250465,20.46053,70.32895,2.562906,-18.15267,7.786312,0.03855201,slider,id_02,abnormal
00000007.wav,3.19328,1.934808,2.038188,3.14236,16.8232,9.465651,10.69009,12.71926,18.96296,1.281369,18.52679,73.3631,2.28006,-15.86624,7.19712,0.04335881,slider,id_02,abnormal
00000008.wav,2.943087,1.7919,1.991429,3.775643,15.88791,8.805618,10.22293,12.06358,18.46672,1.38824,14.49764,70.39784,2.269263,-16.69475,9.347336,0.03839939,slider,id_02,abnormal
00000009.wav,3.503381,2.105666,2.299863,3.899452,20.09931,11.45571,12.4879,14.49436,21.0831,3.288313,15.2992,71.25231,2.44415,-13.84904,7.707038,0.04639064,slider,id_02,abnormal
00000010.wav,4.222106,2.52871,2.653299,4.485183,18.03852,10.31168,11.45469,13.27065,18.9633,2.914955,15.41689,74.51494,2.774787,-12.84034,8.969424,0.04585103,slider,id_02,abnormal
00000011.wav,3.101456,1.837109,2.078503,3.59264,16.47885,9.211042,10.43052,12.34497,18.07064,2.207838,12.74924,69.78852,2.558182,-17.33115,9.603606,0.03712676,slider,id_02,abnormal
00000012.wav,3.561749,2.139796,2.257352,4.070513,17.06768,9.542909,10.78561,12.94343,20.02942,2.227488,16.94373,69.75703,2.497537,-17.37161,7.569349,0.04009469,slider,id_02,abnormal
00000013.wav,3.199614,1.907734,2.059719,3.418897,16.35553,9.217515,10.2933,12.06675,18.83321,2.737468,14.43884,69.60908,2.462994,-17.18052,7.644489,0.04028196,slider,id_02,abnormal
00000014.wav,3.334559,1.981673,2.078386,3.953134,15.71406,8.834686,9.972441,11.48885,16.96902,1.636726,13.08068,71.76039,2.613201,-17.65886,9.131758,0.03732649,slider,id_02,abnormal
00000015.wav,3.524865,2.136007,2.249862,3.747803,18.29031,10.50247,11.301,13.23795,19.80127,1.596956,15.03807,71.63706,2.398696,-13.38866,8.287131,0.04613441,slider,id_02,abnormal
00000016.wav,3.79753,2.274154,2.512703,4.370959,18.82358,10.55028,12.32288,14.46726,20.84654,2.128913,17.09007,68.7067,2.624016,-14.05257,8.112624,0.04511578,slider,id_02,abnormal
00000017.wav,3.36525,2.020509,2.174601,3.997908,17.29173,9.693513,10.9911,12.82166,19.6196,1.602085,15.26814,73.18612,2.425935,-15.55711,8.644592,0.0413194,slider,id_02,abnormal
00000018.wav,1.973229,1.215468,1.349593,1.685429,14.48907,8.080116,9.262238,11.13803,17.8164,0.4464088,11.28122,65.0282,1.729075,-17.32848,5.471908,0.0438589,slider,id_02,abnormal
00000019.wav,3.365498,2.041045,2.169947,2.856472,17.49079,9.810966,11.07005,13.1537,20.01329,0.9715885,21.09375,70.3125,2.136572,-14.58728,5.66723,0.04937172,slider,id_02,abnormal
00000020.wav,3.349997,1.974908,2.122435,3.466762,16.70132,9.570047,10.35274,11.65145,16.74767,2.194452,7.220039,74.60707,2.671009,-14.23821,11.11568,0.03944167,slider,id_02,abnormal
00000021.wav,2.569975,1.568704,1.673123,2.91941,15.34915,8.714994,9.677912,11.54834,18.60184,0.8737869,16.81781,72.1352,2.029543,-20.07372,4.966373,0.03993595,slider,id_02,abnormal
00000022.wav,3.337168,2.012323,2.227535,3.501883,15.94886,9.046011,10.14864,11.78153,18.14734,1.549944,16.36607,69.87308,2.413868,-18.5494,7.262621,0.03874164,slider,id_02,abnormal
00000023.wav,2.275202,1.364749,1.456763,2.729581,16.75527,9.355606,10.68029,12.33678,18.73422,1.154906,9.957627,71.32768,2.1016,-17.6875,8.643157,0.03797854,slider,id_02,abnormal
00000024.wav,3.27029,1.955388,2.099457,4.011322,16.70336,9.512898,10.42322,12.20575,18.89882,2.428905,13.80981,68.92792,2.540912,-17.17861,9.36512,0.03767368,slider,id_02,abnormal
00000025.wav,2.134378,1.286306,1.432715,2.440276,15.13867,8.620849,9.697819,11.37253,18.36939,0.9276495,9.585122,68.31187,2.026557,-16.92382,7.984751,0.04014683,slider,id_02,abnormal
00000026.wav,2.998549,1.804853,1.924417,3.732848,15.79176,8.910569,9.891032,11.56641,18.76599,2.56716,15.57719,66.41168,2.403541,-19.64382,6.054309,0.03891334,slider,id_02,abnormal
00000027.wav,2.391893,1.46316,1.632881,2.12251,15.69969,8.797683,9.92217,11.75901,18.37188,0.7183285,13.88667,68.47566,1.902218,-18.8623,5.22912,0.04150855,slider,id_02,abnormal
00000028.wav,2.848399,1.665966,1.878707,2.951272,15.83494,9.006101,10.06666,11.30257,16.96437,2.031677,11.72721,70.80943,2.516767,-18.44128,9.353196,0.03597837,slider,id_02,abnormal
00000029.wav,2.994414,1.830558,1.930256,3.321964,15.49726,8.622741,9.906688,11.86768,18.99716,2.010847,15.90604,66.77852,2.296309,-18.1271,8.275981,0.03787436,slider,id_02,abnormal
00000030.wav,2.54609,1.564237,1.607706,2.825168,15.45153,8.725505,9.853482,11.2695,18.28085,0.9835669,14.56693,70.23622,2.0991,-18.52112,4.77291,0.04292946,slider,id_02,abnormal
00000031.wav,2.689965,1.584473,1.825281,2.952897,15.49288,8.544412,9.960658,11.8937,18.24424,1.067614,14.09156,67.09585,2.229389,-19.23605,8.441753,0.03613004,slider,id_02,abnormal
00000032.wav,3.078375,1.828343,1.980268,3.609497,15.91655,8.864122,10.2618,12.12168,18.67615,1.319606,13.64221,70.39897,2.540068,-18.35058,8.510812,0.03722815,slider,id_02,abnormal
00000033.wav,1.932957,1.143808,1.268764,2.081421,14.31935,8.0134,9.079754,10.91831,17.67915,0.7296829,10.50553,68.5624,1.994067,-23.16209,6.048245,0.03423446,slider,id_02,abnormal
00000034.wav,3.153638,1.870194,2.078711,3.944998,16.39119,9.232276,10.60504,12.14459,18.14459,1.927604,14.85788,69.31525,2.534657,-18.41943,8.168975,0.03761038,slider,id_02,abnormal
00000035.wav,2.033887,1.237969,1.385728,2.474436,14.70971,8.136924,9.507465,11.2264,18.02704,0.9222132,11.1026,65.00766,2.038243,-19.55351,6.468877,0.03842844,slider,id_02,abnormal
00000036.wav,1.8797,1.135974,1.28648,2.430707,14.5808,8.081786,9.45452,11.37402,17.97145,0.6857702,9.703947,68.17434,1.872119,-21.452,5.96075,0.03647938,slider,id_02,abnormal
00000037.wav,2.130718,1.304862,1.380812,2.340643,13.92024,7.661285,8.952864,10.9774,18.83634,0.7579031,11.84723,68.35542,1.939321,-19.48072,6.17045,0.03898457,slider,id_02,abnormal
00000038.wav,2.941611,1.790398,1.911712,3.764979,16.32163,9.087256,10.47247,12.52122,21.11985,3.961076,15.8,63.6,2.482271,-23.04802,5.23244,0.0353601,slider,id_02,abnormal
00000039.wav,2.593083,1.565022,1.679843,2.999504,14.84645,8.508057,9.228068,10.99684,17.47329,1.734092,11.57822,68.15989,2.250795,-16.69997,7.762049,0.0408797,slider,id_02,abnormal
00000040.wav,3.077666,1.873062,1.884829,3.293603,16.43189,9.543551,10.11729,11.41709,17.22386,0.9647816,10.35693,73.37624,2.244783,-14.11176,10.99148,0.03983551,slider,id_02,abnormal
00000041.wav,2.598577,1.54665,1.616769,2.86079,15.05418,8.482627,9.53698,11.14032,17.42572,1.61198,9.558379,70.53842,2.42876,-16.14801,10.55991,0.03744207,slider,id_02,abnormal
00000042.wav,2.054396,1.24899,1.348552,2.098912,15.03138,8.538045,9.514796,10.99805,18.52846,0.781716,9.314079,70.39711,1.992387,-20.10948,9.136672,0.03419253,slider,id_02,abnormal
00000043.wav,2.83555,1.701515,1.81536,3.179014,15.6751,8.905476,9.970346,11.63029,18.53371,1.743163,13.51715,67.04775,2.404905,-19.93796,8.672411,0.03495236,slider,id_02,abnormal
00000044.wav,3.109502,1.858336,2.014662,3.652955,15.98054,9.010664,10.37473,12.09121,18.56032,1.244923,13.19828,69.18355,2.517061,-18.60206,9.948187,0.03502597,slider,id_02,abnormal
00000045.wav,2.133007,1.295244,1.4229,1.879327,14.77272,8.031237,9.585553,11.58503,18.9191,0.662445,12.26115,68.15287,1.91716,-21.98919,5.35649,0.03656884,slider,id_02,abnormal
00000046.wav,2.780009,1.660676,1.745539,2.775059,15.40849,8.592516,9.691871,11.62816,18.35492,2.251785,17.13849,67.63581,2.302367,-22.7627,5.250114,0.03569795,slider,id_02,abnormal
00000047.wav,2.985719,1.816811,1.969393,3.878431,15.83889,8.868718,9.8155,12.03801,20.00666,2.262305,13.39806,67.63754,2.408109,-20.08368,9.118895,0.03424356,slider,id_02,abnormal
00000048.wav,2.707129,1.606892,1.752583,3.222626,15.58504,8.722843,9.988063,11.92515,19.08695,1.826709,14.86387,68.50625,2.319026,-23.61396,5.663123,0.03415641,slider,id_02,abnormal
00000049.wav,1.598947,0.9663485,1.071837,1.864451,14.58454,8.182896,9.328475,11.34493,19.10463,0.7553827,7.559055,65.35433,1.821632,-21.16061,5.930656,0.03691227,slider,id_02,abnormal
00000050.wav,1.765819,1.070576,1.172889,2.025184,14.12438,7.989455,9.012553,10.95553,18.09581,1.214171,10.95124,63.78897,2.002567,-23.10612,5.232696,0.03528728,slider,id_02,abnormal
00000051.wav,2.896091,1.746787,1.875841,3.229432,15.86574,9.017199,10.02952,11.80909,18.47143,1.225607,15.9707,66.08059,2.327702,-20.6835,6.291857,0.03707087,slider,id_02,abnormal
00000052.wav,2.908719,1.770736,1.897998,3.472726,15.7127,8.647686,10.00966,12.14841,18.77691,2.014254,13.96149,70.28886,2.413487,-17.8866,7.449036,0.0394701,slider,id_02,abnormal
00000053.wav,2.956725,1.759031,1.944172,3.617842,15.34502,8.537555,9.738498,11.76173,20.09188,1.895026,14.02439,65.3794,2.488208,-22.52332,5.49264,0.03569394,slider,id_02,abnormal
00000054.wav,2.352104,1.374496,1.49171,2.483876,13.96065,7.770041,8.803715,10.71022,17.60155,1.249788,9.915014,67.06799,2.320452,-21.71658,9.553207,0.03197975,slider,id_02,abnormal
00000055.wav,2.16331,1.339333,1.452226,2.280705,14.69591,8.152986,9.206886,11.12404,18.76991,0.8601526,13.6725,67.96502,1.937625,-21.27925,5.396324,0.03748748,slider,id_02,abnormal
00000056.wav,2.621619,1.553266,1.706142,3.142406,15.34561,8.489972,9.907801,12.1401,20.02136,1.866127,15.12859,67.62481,2.313728,-22.97449,5.388063,0.03525775,slider,id_02,abnormal
00000057.wav,1.976162,1.202895,1.277172,2.307315,14.47944,8.043735,9.192848,11.48825,19.90808,0.8755016,11.06899,67.32373,2.079119,-22.22845,6.73202,0.03452983,slider,id_02,abnormal
00000058.wav,2.730284,1.639806,1.754549,3.014685,15.84409,8.865842,10.09974,11.87254,19.72284,1.618898,15.51596,67.40906,2.291651,-23.08976,5.796562,0.03461847,slider,id_02,abnormal
00000059.wav,2.144261,1.26179,1.404283,1.919718,13.87121,7.734399,8.920333,11.04299,17.9183,0.7035649,12.51981,68.1458,2.13579,-26.64836,5.881148,0.03074132,slider,id_02,abnormal
00000060.wav,1.576054,0.9583312,1.051602,1.887763,14.24155,7.742376,9.035121,11.08618,18.65472,0.8258715,7.401575,66.85039,1.936118,-21.15856,5.15311,0.03800595,slider,id_02,abnormal
00000061.wav,2.155096,1.341131,1.377724,1.558058,13.37831,7.386703,8.702402,10.95498,18.4681,0.5416146,12.63158,65.66802,1.785322,-21.02047,5.708245,0.03741294,slider,id_02,abnormal
00000062.wav,2.623702,1.591134,1.654744,3.156406,15.18619,8.677732,9.586139,11.39498,18.01942,1.207666,8.318043,73.08869,2.353871,-14.54746,9.896295,0.04091025,slider,id_02,abnormal
00000063.wav,2.9115,1.726523,1.907898,3.556398,14.87181,8.258922,9.561628,11.39527,18.38094,1.879142,16.50281,63.55337,2.41719,-20.56781,5.181762,0.03883559,slider,id_02,abnormal
00000064.wav,1.557438,0.9641697,1.091286,2.045171,13.96668,7.736442,8.801255,11.17856,18.46748,0.6971518,8.643326,72.75711,1.783339,-24.36571,5.54791,0.03342959,slider,id_02,abnormal
00000065.wav,2.713669,1.607858,1.792048,3.502274,15.28135,8.577842,9.565224,11.48669,19.36034,2.129022,13.71429,66.92857,2.447407,-23.04946,5.091566,0.03553531,slider,id_02,abnormal
00000066.wav,2.515036,1.522609,1.621741,3.014718,15.1279,8.344432,9.700717,11.56122,19.43704,1.487298,13.75661,68.17838,2.327064,-22.32553,5.83529,0.03551033,slider,id_02,abnormal
00000067.wav,2.159649,1.2696,1.434761,2.475383,14.74012,8.255176,9.440049,11.25138,19.33824,1.04706,11.41304,68.63354,2.140708,-21.00352,5.725914,0.03741194,slider,id_02,abnormal
00000068.wav,2.365554,1.379043,1.552569,3.108465,14.93678,8.22364,9.650721,11.46112,18.80266,1.331313,13.10751,59.05744,2.254201,-23.72035,5.993647,0.03365417,slider,id_02,abnormal
00000069.wav,2.761149,1.654293,1.781327,3.093186,14.76549,8.182533,9.541448,11.42028,19.55115,1.192475,14.26438,68.18521,2.191065,-21.31534,5.782435,0.0369034,slider,id_02,abnormal
00000070.wav,2.681556,1.600145,1.789321,3.129373,15.02875,8.507883,9.262788,11.4959,19.03198,1.946396,13.76488,66.36905,2.32788,-19.30392,6.684848,0.03847817,slider,id_02,abnormal
00000071.wav,2.890341,1.705738,1.894076,3.880265,16.12663,9.076577,10.21863,12.19416,19.2671,1.904353,13.59558,68.11594,2.482457,-20.72354,5.528405,0.03809241,slider,id_02,abnormal
00000072.wav,2.55987,1.529273,1.689864,3.073082,15.15929,8.592162,9.61908,11.53072,19.21946,2.382045,12.95488,66.37555,2.310464,-23.60743,5.811788,0.03399139,slider,id_02,abnormal
00000073.wav,3.06729,1.837454,2.048324,3.664283,16.15598,9.033744,10.22699,12.16706,19.7472,2.832394,14.02238,68.53193,2.567929,-19.5164,7.063618,0.03762224,slider,id_02,abnormal
00000074.wav,2.572333,1.526927,1.646411,3.088067,14.26419,7.774923,9.146859,11.28621,19.44278,1.746697,14.07186,67.29042,2.311859,-23.87222,6.354966,0.0330828,slider,id_02,abnormal
00000075.wav,2.985518,1.79653,1.83284,3.884778,16.01515,8.823142,10.23427,12.18886,19.56687,2.269943,15.35689,70.72819,2.467618,-23.19267,5.721245,0.03458543,slider,id_02,abnormal
00000076.wav,2.445948,1.481838,1.572843,2.836103,15.26229,8.403286,9.739607,11.83377,19.71911,1.276329,12.94206,68.17156,2.296416,-24.05962,5.947837,0.03332505,slider,id_02,abnormal
00000077.wav,2.956873,1.76683,1.900088,3.382908,15.4905,8.564572,9.762185,11.61311,18.9396,1.024689,14.59075,69.60854,2.524677,-20.19498,6.46951,0.03750306,slider,id_02,abnormal
00000078.wav,2.685623,1.621307,1.804156,3.563906,15.23687,8.50579,9.584078,11.84902,19.18163,2.146626,12.5261,71.32916,2.446007,-21.9809,7.555793,0.03385619,slider,id_02,abnormal
00000079.wav,3.074102,1.85858,1.936063,3.429585,14.81033,8.342754,9.172795,11.39295,19.59907,1.616342,17.34398,69.44848,2.462153,-20.10575,5.883257,0.03847781,slider,id_02,abnormal
00000080.wav,1.590333,0.9793831,1.061644,1.253411,13.73508,7.523767,8.605191,10.71479,17.87564,0.3186317,7.804878,71.30081,1.745319,-22.58296,5.561858,0.03553051,slider,id_02,abnormal
00000081.wav,3.248909,1.955026,2.089788,4.505085,16.06354,9.033327,9.95203,12.10554,20.05784,2.279525,14.37461,67.89048,2.614968,-19.62476,9.472095,0.03436798,slider,id_02,abnormal
00000082.wav,2.453478,1.483659,1.577494,2.708119,15.46328,8.787376,9.500792,11.74131,18.72166,1.194159,13.67127,68.35637,2.200737,-20.02346,5.896007,0.03858105,slider,id_02,abnormal
00000083.wav,3.159871,1.894252,2.01332,3.759667,15.20871,8.497441,9.675593,11.38464,19.38425,1.153001,14.79209,70.82481,2.452289,-20.16799,8.200135,0.03525084,slider,id_02,abnormal
00000084.wav,1.528909,0.9363055,1.025175,1.134905,13.58359,7.322463,8.732194,10.82013,17.19582,0.3943927,6.68277,68.11594,1.697271,-24.08215,5.195045,0.03415628,slider,id_02,abnormal
00000085.wav,2.759962,1.670632,1.80248,2.885007,15.4355,8.719067,9.667856,11.54187,18.3498,0.7266679,14.22088,72.69289,2.202513,-20.97507,6.044677,0.03700997,slider,id_02,abnormal
00000086.wav,1.918105,1.161105,1.25006,2.0743,14.00148,7.840946,8.847676,10.94161,17.85845,0.9817164,10.82598,67.20128,2.004418,-24.08474,6.014082,0.03322389,slider,id_02,abnormal
00000087.wav,3.063881,1.807286,2.018534,4.151843,16.34327,8.984132,10.58595,12.50637,19.96014,2.991331,14.98674,70.75597,2.612536,-19.40726,8.452246,0.0358944,slider,id_02,abnormal
00000088.wav,2.590645,1.532851,1.686249,2.848108,14.34572,7.925022,9.282403,10.92854,18.51735,1.628523,14.18021,67.35598,2.416688,-23.29291,5.169268,0.03513434,slider,id_02,abnormal
00000089.wav,2.501915,1.481352,1.597326,3.346692,14.45057,8.029192,9.314731,11.23621,17.93235,1.272671,12.15429,67.32169,2.343795,-24.25744,5.586935,0.03350715,slider,id_02,abnormal
00000090.wav,2.643994,1.59177,1.709706,2.803424,14.6298,8.09499,9.321072,11.35587,18.12557,1.149449,14.43058,72.23089,2.268748,-21.2887,6.606067,0.03584902,slider,id_02,abnormal
00000091.wav,2.801151,1.663905,1.825093,3.746855,14.89022,8.430588,9.50116,11.27956,19.01761,2.832952,14.40501,68.12804,2.511485,-23.82622,5.597518,0.03398617,slider,id_02,abnormal
00000092.wav,2.547546,1.504715,1.673265,3.102791,14.74755,8.316946,9.423664,11.36585,18.56015,2.514772,13.94834,69.07749,2.302923,-22.38352,5.292015,0.03613299,slider,id_02,abnormal
00000093.wav,3.538251,2.128683,2.23201,3.475819,16.6607,9.608136,10.11651,11.78205,16.86182,1.712691,5.755712,78.8225,2.726601,-8.968914,10.23157,0.05208201,slider,id_02,abnormal
00000094.wav,2.926477,1.765895,1.850201,3.194585,15.39387,8.747648,9.836473,11.65476,18.69897,2.18485,11.56033,74.09981,2.391041,-17.91676,10.41427,0.03529699,slider,id_02,abnormal
00000095.wav,1.780684,1.076826,1.223898,2.901298,14.22704,7.777207,9.023588,11.80049,19.45862,0.7940127,9.57346,70.33175,1.938801,-24.42569,5.282409,0.03366085,slider,id_02,abnormal
00000096.wav,2.967899,1.742041,1.864049,3.057565,15.07512,8.620741,9.458974,10.947,16.22677,1.236587,3.100416,76.58491,2.556763,-8.110897,9.847941,0.05568289,slider,id_02,abnormal
00000097.wav,3.383447,2.027195,2.162897,4.358811,15.94051,8.950725,10.18137,11.91632,19.50582,2.243476,15.0651,69.86981,2.619473,-19.27798,9.337504,0.03494611,slider,id_02,abnormal
00000098.wav,2.470174,1.465684,1.61408,3.042087,15.51279,8.873227,9.524619,11.7886,18.77141,1.640874,12.7907,70.05814,2.353393,-20.71798,5.853263,0.03763467,slider,id_02,abnormal
00000099.wav,3.200744,1.89122,2.022673,4.591258,15.77833,8.880227,10.22069,11.9237,19.45568,1.308775,16.70034,69.76431,2.657239,-20.5007,8.148448,0.03490506,slider,id_02,abnormal
00000100.wav,2.495736,1.458465,1.546221,3.25533,14.01661,7.814022,8.756838,10.4481,16.88147,1.931002,7.630769,71.87692,2.579692,-18.32296,12.22666,0.03273364,slider,id_02,abnormal
00000101.wav,2.674291,1.605041,1.705167,3.201609,16.36582,9.231218,10.56049,12.12857,18.68222,1.393635,8.915663,73.61446,2.395267,-16.42345,9.729082,0.03823721,slider,id_02,abnormal
00000102.wav,3.141877,1.880188,1.96116,3.324201,15.72807,8.953771,9.682478,11.25726,16.82294,1.762122,8.837971,75.39553,2.481069,-12.44762,10.78166,0.04304913,slider,id_02,abnormal
00000103.wav,1.554316,0.9347305,1.132056,2.86649,14.40646,7.911825,9.123818,11.27692,18.58684,0.777744,8.523909,73.38877,1.94272,-24.6475,7.261411,0.0313392,slider,id_02,abnormal
00000104.wav,2.744477,1.642251,1.804224,3.413448,15.42765,8.682655,9.728605,11.59669,18.53996,2.614428,14.72303,68.73178,2.445538,-22.299,6.666336,0.03452402,slider,id_02,abnormal
00000105.wav,3.022039,1.802555,2.000233,3.681799,15.26874,8.554373,9.68912,11.68593,18.86064,2.194737,13.99594,68.76268,2.653423,-24.78785,5.707118,0.03279229,slider,id_02,abnormal
00000106.wav,2.988926,1.801401,1.914626,3.540327,15.66193,9.000375,9.594919,11.2541,16.74037,1.563492,8.018328,74.28408,2.51862,-12.22496,10.53486,0.04393709,slider,id_02,abnormal
00000107.wav,2.963674,1.764479,1.918831,3.656983,15.50787,8.670216,9.672279,12.00673,18.99288,1.458817,16.22962,69.59603,2.573827,-23.23637,6.389772,0.03375398,slider,id_02,abnormal
00000108.wav,2.592555,1.536363,1.713308,3.091023,15.21219,8.33369,9.707062,11.68681,18.86739,2.076254,12.97539,70.24609,2.352685,-23.51789,6.155616,0.03370009,slider,id_02,abnormal
00000109.wav,2.907457,1.728587,1.8536,4.000585,15.09192,8.387673,9.631338,11.45947,17.62556,1.678789,11.18378,70.24199,2.628565,-21.39157,8.855208,0.03306138,slider,id_02,abnormal
00000110.wav,2.769523,1.680017,1.74845,2.896473,15.165,8.610206,9.293154,11.31246,18.71449,1.320067,14.82025,69.84593,2.39612,-19.24881,5.926689,0.03972117,slider,id_02,abnormal
00000111.wav,3.085063,1.86655,2.018173,3.38098,15.8479,8.85854,10.03552,11.96028,19.76546,2.693666,16.85633,68.34993,2.4701,-21.61258,5.048643,0.03750765,slider,id_02,abnormal
00000112.wav,2.730726,1.628833,1.730419,3.209251,15.06837,8.477679,9.482332,11.7102,19.30939,2.53363,14.7248,70.05004,2.553762,-24.10677,5.954508,0.03326539,slider,id_02,abnormal
00000113.wav,1.933032,1.167265,1.306641,2.006932,13.49935,7.427211,8.514221,10.56689,17.49291,0.9507068,10.20734,72.32855,2.065662,-23.91758,5.799506,0.03365067,slider,id_02,abnormal
00000114.wav,2.242159,1.337071,1.453678,2.532017,14.66943,8.276187,9.323121,10.68939,16.91559,1.82727,6.327462,71.81996,2.480119,-17.73605,10.33234,0.03562727,slider,id_02,abnormal
00000115.wav,2.942784,1.793605,1.953458,3.199888,15.79366,8.725792,10.06215,12.12,19.19559,2.033557,16.95041,70.09623,2.313442,-22.46871,5.113409,0.03625537,slider,id_02,abnormal
00000116.wav,3.03685,1.786816,2.075486,3.762751,16.24575,9.009913,10.52499,12.12118,20.66363,2.070493,15.01377,68.25069,2.542362,-23.10378,6.483743,0.03379803,slider,id_02,abnormal
00000117.wav,2.708793,1.587847,1.756303,3.337034,15.14904,8.562114,9.615474,11.40048,18.92803,2.651676,13.01222,71.02804,2.5163,-21.95055,8.613134,0.03271857,slider,id_02,abnormal
00000118.wav,3.041804,1.840698,1.913847,3.287259,15.72581,8.856512,9.958466,11.41563,17.56838,1.863537,7.346723,72.78013,2.575567,-14.17974,10.73964,0.04012942,slider,id_02,abnormal
00000119.wav,2.831797,1.674046,1.850297,3.170807,14.84846,8.507798,9.200965,10.95128,16.81517,2.112721,8.807339,73.88379,2.57258,-18.8163,11.32853,0.03317319,slider,id_02,abnormal
00000120.wav,2.830233,1.688824,1.814915,4.127093,15.95441,9.188357,9.86511,11.46749,17.48481,1.369582,4.293629,75.11542,2.679088,-9.359943,10.72701,0.04978357,slider,id_02,abnormal
00000121.wav,2.645562,1.539819,1.742402,3.30238,14.52962,8.14504,9.244542,10.91665,17.8062,1.666042,12.65365,68.61894,2.393942,-23.33277,5.395342,0.0348091,slider,id_02,abnormal
00000122.wav,3.153194,1.876772,2.013864,3.581228,16.60969,9.278517,10.45962,12.21821,20.0315,1.344184,18.00574,70.01435,2.380248,-21.29779,5.506323,0.0373077,slider,id_02,abnormal
00000123.wav,2.864379,1.739085,1.850239,3.164698,15.01037,8.535545,9.298867,11.42595,19.42252,2.367382,14.0896,68.93064,2.381984,-19.44529,4.565579,0.0416478,slider,id_02,abnormal
00000124.wav,3.222866,1.889308,2.038156,4.377848,15.07279,8.338296,9.550992,11.55937,19.1919,2.413711,15.50388,69.89664,2.680946,-19.07084,9.697705,0.03476019,slider,id_02,abnormal
00000125.wav,2.84102,1.672677,1.822411,4.565724,15.28671,8.825428,9.454097,11.41979,17.31626,1.529556,7.62071,71.49506,2.681685,-12.96576,10.3618,0.04286774,slider,id_02,abnormal
00000126.wav,3.204216,1.92582,2.054397,3.78938,16.20102,9.141564,9.894663,11.81656,19.28717,2.687747,16.88491,70.91661,2.531484,-21.86446,6.156936,0.03568701,slider,id_02,abnormal
00000127.wav,2.904276,1.702982,1.957015,3.58196,14.85772,8.191662,9.592073,11.66134,18.02762,1.723923,13.91892,69.66216,2.472708,-20.7334,9.086567,0.03353458,slider,id_02,abnormal
00000128.wav,3.087217,1.815604,2.017208,3.997787,16.05018,9.066415,10.06864,11.87554,18.68117,2.286597,12.82051,69.16667,2.657395,-20.54787,8.99704,0.03384678,slider,id_02,abnormal
00000129.wav,2.7,1.604863,1.776748,3.264916,15.01048,8.510712,9.397253,11.29779,18.41638,1.379232,13.26979,71.40762,2.388037,-19.35067,6.385933,0.03885516,slider,id_02,abnormal
00000130.wav,1.818697,1.110223,1.214365,2.074951,13.81905,7.844703,8.577167,10.38579,17.57238,0.9311239,9.633758,71.17834,2.108984,-22.24939,5.183891,0.03645208,slider,id_02,abnormal
00000131.wav,1.08664,0.6435245,0.7329177,0.836519,13.40059,7.402845,8.652925,10.28098,16.95035,0.400796,2.33119,69.69453,1.807739,-24.55911,5.675317,0.03307488,slider,id_02,abnormal
00000132.wav,3.172619,1.862594,1.984071,3.847859,14.19492,7.937354,9.07633,10.85378,17.30132,2.335438,14.14791,70.86817,2.58672,-22.26126,9.238401,0.03174638,slider,id_02,abnormal
00000133.wav,2.93967,1.793735,1.91145,3.186132,15.36338,8.741435,9.540607,11.78824,18.737,2.26741,15.98837,67.87791,2.394439,-19.94026,6.104015,0.03839616,slider,id_02,abnormal
00000134.wav,2.391646,1.432628,1.532848,2.775682,14.38374,8.182637,9.153004,10.50448,15.95101,1.094666,6.9869,72.4267,2.232252,-17.13159,10.71226,0.03591459,slider,id_02,abnormal
00000135.wav,2.922018,1.782685,1.944669,2.714646,15.59259,8.74517,10.03447,11.75752,17.62861,0.8200366,16.34241,69.02724,2.223214,-20.04757,5.66256,0.03889518,slider,id_02,abnormal
00000136.wav,3.178959,1.899527,2.038894,3.599625,16.03867,8.939005,10.20663,11.91941,18.27542,2.00802,11.32075,70.9316,2.822661,-17.86168,9.873439,0.03605537,slider,id_02,abnormal
00000137.wav,2.267357,1.34568,1.423101,2.897243,14.29162,8.135957,9.040167,10.64136,16.70661,1.420568,9.271978,70.9478,2.281038,-19.41766,10.59778,0.03331619,slider,id_02,abnormal
00000138.wav,3.074374,1.823444,1.980141,3.561227,16.14522,9.104274,10.23167,12.10023,18.49093,2.310241,14.53449,71.26591,2.574486,-21.78672,7.527266,0.0341134,slider,id_02,abnormal
00000139.wav,3.238911,1.915532,2.06966,4.385011,16.20233,9.287506,9.880087,11.28222,16.87815,1.936138,6.161137,74.17062,2.726293,-10.45391,10.69549,0.04728267,slider,id_02,abnormal
00000140.wav,3.851676,2.292006,2.575373,4.282728,17.15603,9.427655,11.17952,12.84681,19.45975,2.347656,18.58623,68.43388,2.646886,-19.40135,9.638499,0.03443544,slider,id_02,abnormal
00000141.wav,2.838738,1.703209,1.886117,3.241213,14.80722,8.309157,9.267553,11.2679,17.63478,2.983911,14.70806,71.02735,2.429218,-20.03163,5.217523,0.03960529,slider,id_02,abnormal
00000142.wav,3.090786,1.844157,2.018919,3.831479,15.32341,8.555636,9.739271,11.45588,18.66342,1.578769,14.69993,67.76804,2.558452,-22.62241,6.729661,0.03406915,slider,id_02,abnormal
00000143.wav,2.775514,1.6529,1.771431,3.732866,15.23234,8.753402,9.380859,11.10268,16.38581,1.410325,6.456864,76.39718,2.495069,-11.71034,11.53754,0.04301467,slider,id_02,abnormal
00000144.wav,1.583005,0.9592663,1.07059,1.461052,13.28509,7.301079,8.64697,10.30305,17.76128,0.4235128,6.1051,70.47913,1.913289,-22.01044,6.709391,0.03481914,slider,id_02,abnormal
00000145.wav,3.252528,1.947906,2.102918,4.011111,15.68929,8.637496,10.173,11.88271,17.77324,2.431497,11.21813,73.42776,2.608985,-14.91269,10.86593,0.03879184,slider,id_02,abnormal
00000146.wav,2.460362,1.45994,1.607759,3.017968,13.92865,7.797768,8.761894,10.34408,16.40136,1.180192,9.309896,71.875,2.411694,-22.16341,9.82576,0.03126058,slider,id_02,abnormal
00000147.wav,1.959784,1.195415,1.280419,1.845763,14.09101,7.839454,8.858505,10.8052,17.68711,1.032126,10.04862,69.93517,2.098374,-15.33413,4.220754,0.05113813,slider,id_02,abnormal
00000148.wav,3.00858,1.769925,1.956469,3.60693,15.24577,8.517192,9.75251,11.61359,18.493,2.334278,14.74185,67.3913,2.64908,-23.13037,5.160802,0.03534672,slider,id_02,abnormal
00000149.wav,1.651697,1.009081,1.063486,2.177615,14.06985,8.048498,8.831471,10.79774,17.31776,0.8845863,6.5625,71.09375,1.940833,-22.58325,6.503922,0.03437942,slider,id_02,abnormal
00000150.wav,3.045194,1.81149,2.007242,3.782313,15.19308,8.380271,9.802327,11.62854,18.31426,1.858182,13.18538,69.38642,2.644371,-20.78916,8.770091,0.03383036,slider,id_02,abnormal
00000151.wav,2.63696,1.574137,1.662257,2.86093,14.18665,7.998507,9.235306,11.22914,18.28386,1.453095,15.20599,67.41573,2.338794,-21.67974,6.517576,0.03546437,slider,id_02,abnormal
00000152.wav,3.305897,1.993596,2.19347,3.708862,16.20521,8.888407,10.61877,12.3407,19.34611,1.698522,17.78547,71.34948,2.562313,-22.59943,5.274681,0.03587559,slider,id_02,abnormal
00000153.wav,2.886811,1.725958,1.859805,3.319163,15.33936,8.832134,9.490009,11.38405,17.86545,2.541181,15.56364,67.63636,2.504794,-22.77223,6.457179,0.03421212,slider,id_02,abnormal
00000154.wav,3.029752,1.811738,1.949694,3.728083,15.48625,8.54157,9.770868,11.80112,19.22209,2.747117,15.39538,71.51854,2.493595,-24.57633,5.869957,0.03284473,slider,id_02,abnormal
00000155.wav,2.930767,1.758986,1.861821,3.249996,15.05529,8.516261,9.534046,11.31448,17.83596,1.982632,16.10487,67.34082,2.416449,-23.0832,5.641106,0.03481372,slider,id_02,abnormal
00000156.wav,2.870777,1.722565,1.838643,3.277654,15.4822,8.807997,9.566263,11.46752,18.11271,2.384887,13.50391,72.28145,2.458352,-21.54462,5.734435,0.03665817,slider,id_02,abnormal
00000157.wav,2.9136,1.774188,1.840163,3.317929,15.03363,8.409641,9.273345,11.45761,18.74619,1.497383,14.49067,70.22956,2.461124,-21.02932,5.513626,0.0376748,slider,id_02,abnormal
00000158.wav,2.807497,1.699952,1.769113,3.068801,15.09985,8.453919,9.375494,11.76885,18.24529,1.701802,14.46402,72.54038,2.490723,-23.65367,5.562331,0.03422782,slider,id_02,abnormal
00000159.wav,2.846254,1.689878,1.853427,3.152382,15.77656,9.059091,10.00383,11.46322,17.34486,1.44864,8.49331,74.05468,2.468224,-16.14677,11.19415,0.03657522,slider,id_02,abnormal
00000160.wav,2.988302,1.812662,1.90238,3.049339,15.31248,8.719733,9.332496,11.0487,16.78351,1.143591,10.20283,75.78365,2.542246,-14.70083,10.99204,0.0389213,slider,id_02,abnormal
00000161.wav,2.959112,1.77571,1.907208,3.400669,15.75678,8.915627,10.02781,11.83071,20.02741,2.200169,13.65546,70.30812,2.562571,-23.13736,4.925419,0.03563439,slider,id_02,abnormal
00000162.wav,3.153044,1.900178,2.072316,3.473684,16.07717,8.900245,10.67422,12.26523,18.22647,1.733356,16.06535,71.95371,2.412316,-20.28994,9.487586,0.03358238,slider,id_02,abnormal
00000163.wav,1.900707,1.175197,1.258847,1.344193,13.23938,7.284418,8.123756,10.23701,16.97451,0.3985031,10.30008,69.74858,1.710627,-21.00028,6.085267,0.03692005,slider,id_02,abnormal
00000164.wav,2.470233,1.454578,1.56382,3.245066,14.22622,8.024987,8.936838,10.39324,14.95249,1.852606,5.322763,73.66931,2.502567,-17.06404,13.55027,0.03266446,slider,id_02,abnormal
00000165.wav,2.059766,1.224725,1.348442,2.637592,14.15203,7.860894,8.866033,10.92515,18.38968,1.040943,9.803922,69.30618,2.18901,-22.85401,8.695559,0.03169616,slider,id_02,abnormal
00000166.wav,2.017701,1.196363,1.291855,2.100962,13.75328,7.561022,8.726091,10.66824,17.62949,0.9116678,10.08668,68.24271,2.146522,-21.40873,5.596743,0.03702953,slider,id_02,abnormal
00000167.wav,3.093289,1.856572,2.046249,3.591374,15.38133,8.659015,9.909681,12.08648,18.57477,2.112016,14.77573,72.4934,2.608659,-21.1198,9.408368,0.03275663,slider,id_02,abnormal
00000168.wav,3.380536,2.080749,2.097121,3.437859,16.2555,9.445797,9.737254,11.99227,19.0514,1.605448,18.86792,73.07692,2.386533,-21.72168,5.228149,0.03710599,slider,id_02,abnormal
00000169.wav,2.984387,1.766835,1.920436,3.825462,15.56594,8.684295,9.919706,11.82604,19.34598,1.921729,14.76418,70.47163,2.66053,-21.93393,7.11709,0.0344222,slider,id_02,abnormal
00000170.wav,2.820911,1.674518,1.764169,3.029845,14.92493,8.37671,9.655568,11.62082,18.12592,2.14753,13.9738,71.03348,2.44444,-22.53279,5.515306,0.03565305,slider,id_02,abnormal
00000171.wav,3.384137,2.027131,2.088694,4.138513,16.5255,9.354544,10.19046,11.81358,18.47558,1.820105,15.41476,71.45656,2.428344,-17.09166,10.10445,0.03676996,slider,id_02,abnormal
00000172.wav,2.830244,1.706248,1.784397,3.04936,14.94738,8.333601,9.454324,11.48163,18.54417,1.871645,16.60349,69.14329,2.39251,-23.10017,5.82287,0.03457451,slider,id_02,abnormal
00000173.wav,3.26983,1.958938,2.064135,3.903985,15.70091,8.941377,9.807477,11.5815,18.48472,1.814518,14.46863,70.16645,2.586752,-20.29442,9.050063,0.03407796,slider,id_02,abnormal
00000174.wav,1.439304,0.8984668,0.974559,1.103159,13.31437,7.347092,8.539404,10.80954,17.50522,0.388292,6.726094,68.4765,1.741602,-21.1065,5.151889,0.03808307,slider,id_02,abnormal
00000175.wav,3.087793,1.84439,1.991604,3.717874,14.5328,8.079962,9.353259,11.25062,18.23871,2.036507,17.13062,69.59315,2.464936,-23.81073,5.557471,0.03405043,slider,id_02,abnormal
00000176.wav,2.785707,1.687648,1.742265,2.769773,15.26983,8.536549,9.700508,11.78165,17.88559,1.95392,15.64626,69.6901,2.327256,-20.99815,5.875963,0.03721054,slider,id_02,abnormal
00000177.wav,3.129161,1.881268,2.013561,3.760728,15.62019,8.706157,9.969336,11.77155,19.0877,2.124301,17.79053,71.37733,2.48218,-21.8717,5.829398,0.03609966,slider,id_02,abnormal
00000178.wav,8.298563,4.952012,5.320956,6.916637,25.03721,14.16912,16.27882,17.91768,21.49638,3.978228,24.10815,75.96695,3.800846,-12.77251,5.594714,0.0544448,slider,id_02,abnormal
00000179.wav,6.900899,4.154842,4.263502,6.658434,23.4327,13.54109,14.72456,16.33952,19.87542,3.30855,11.92308,77.69231,3.606881,-18.32293,5.680811,0.04166018,slider,id_02,abnormal
00000180.wav,7.101894,4.274925,4.572792,5.653067,25.55418,14.6477,16.13524,17.84923,21.04415,2.464015,6.138812,77.77499,3.5109,-12.93875,5.908419,0.05305837,slider,id_02,abnormal
00000181.wav,9.220558,5.584174,5.870314,7.697766,28.95292,16.50098,18.66171,20.96159,24.94398,4.197527,31.26911,75.91743,3.733164,-12.94847,5.758794,0.05345518,slider,id_02,abnormal
00000182.wav,8.406915,5.019525,5.437421,6.60992,25.12712,14.20705,16.4159,18.68401,21.69886,3.879294,26.06886,75.86076,3.813941,-13.31947,5.749625,0.05244087,slider,id_02,abnormal
00000183.wav,5.144191,3.079021,3.294622,5.271414,20.73602,11.7818,13.27184,14.78044,20.33526,3.139643,3.459638,75.04119,3.572217,-14.83088,7.013821,0.0457777,slider,id_02,abnormal
00000184.wav,8.330893,4.931477,5.372453,7.171819,25.60447,14.76428,16.19058,18.4381,21.5181,4.641887,23.14848,74.23971,3.858299,-12.02152,5.18324,0.05812343,slider,id_02,abnormal
00000185.wav,8.373734,4.971545,5.580505,6.861582,27.40004,15.31304,17.78277,20.03379,23.87213,3.605674,28.96524,75.02996,3.68535,-10.55093,5.445571,0.06251369,slider,id_02,abnormal
00000186.wav,8.574791,5.13545,5.423154,6.817309,26.06147,14.82738,17.0559,18.75766,22.52226,3.754335,25.2647,75.61154,3.853589,-12.56689,5.566204,0.05514778,slider,id_02,abnormal
00000187.wav,8.355845,4.950488,5.294657,7.207967,24.18456,13.64613,15.87219,17.66992,20.34679,3.498749,26.70932,74.97001,3.692812,-12.82283,5.636755,0.0541724,slider,id_02,abnormal
00000188.wav,4.672629,2.776916,3.079301,5.211142,20.04646,11.19209,12.95586,15.28395,18.55457,2.637336,11.24498,76.82731,3.202488,-17.02118,6.041035,0.04336098,slider,id_02,abnormal
00000189.wav,5.322875,3.176365,3.398798,4.388529,20.70643,11.62099,13.17878,15.55661,18.7289,1.93065,13.28756,76.81745,3.07109,-17.19867,6.015516,0.04307712,slider,id_02,abnormal
00000190.wav,8.467534,5.058949,5.48591,7.134592,27.29572,15.48547,17.58843,19.38033,23.42682,3.333942,24.14035,74.91228,3.570484,-12.84465,6.103566,0.05277541,slider,id_02,abnormal
00000191.wav,5.66287,3.500717,3.357021,4.462236,20.39733,11.7873,12.74111,14.25247,17.42426,1.514049,30.72289,79.58501,2.896454,-8.867155,6.194489,0.06639381,slider,id_02,abnormal
00000192.wav,6.303108,3.812068,3.925956,4.518985,21.65995,12.51384,13.65269,15.24089,18.73391,2.350251,2.413947,80.24139,3.749834,-17.75333,6.042591,0.042024,slider,id_02,abnormal
00000193.wav,7.931107,4.658882,5.073382,6.636564,21.50681,12.21975,13.73619,15.25441,17.55911,3.311488,21.52804,74.29432,3.835266,-15.47266,5.837896,0.04692511,slider,id_02,abnormal
00000194.wav,8.820209,5.287918,5.77843,7.182889,28.54165,16.32236,18.87242,20.738,24.09899,3.21725,31.01541,75.38522,3.681598,-11.58231,6.084084,0.05660466,slider,id_02,abnormal
00000195.wav,8.303564,4.937881,5.244763,6.683583,25.18336,14.40717,16.19286,18.20049,21.26872,3.798605,22.18591,75.27233,3.85547,-11.67346,6.025955,0.05649904,slider,id_02,abnormal
00000196.wav,8.169144,4.831995,5.290266,6.244246,25.19938,14.23446,16.56298,18.24264,21.424,3.47233,22.85714,75.30075,3.709315,-11.33253,5.131575,0.06073819,slider,id_02,abnormal
00000197.wav,7.469188,4.363744,4.609003,5.997069,19.07606,10.8108,12.40113,13.6326,15.90295,3.666222,18.15759,74.87628,3.735483,-12.72412,5.819347,0.05392734,slider,id_02,abnormal
00000198.wav,4.949521,2.960331,3.259588,4.77012,20.31289,11.46293,12.83368,15.00368,18.41986,2.506526,10.78199,77.21169,3.042207,-17.8209,5.708955,0.0424992,slider,id_02,abnormal
00000199.wav,8.081454,4.841179,5.189572,6.920193,26.16859,15.00601,16.44051,18.70226,21.67295,3.685569,20.12557,75.75863,3.783186,-12.25332,5.604886,0.05599666,slider,id_02,abnormal
00000200.wav,7.793155,4.657439,5.09207,6.71645,26.43721,15.27493,16.73418,19.06132,23.36525,3.978322,22.15635,74.54613,3.690881,-14.33854,6.689342,0.04755592,slider,id_02,abnormal
00000201.wav,8.961973,5.378288,5.845978,7.130456,28.39113,16.15527,18.64464,20.61907,23.88157,2.942744,33.33333,75.08292,3.615363,-11.94426,5.649289,0.05683901,slider,id_02,abnormal
00000202.wav,4.109932,2.483463,2.606829,3.30539,19.57537,10.88623,12.52251,15.33154,19.31843,1.547821,8.423237,78.25726,3.033216,-19.87438,6.403249,0.03805518,slider,id_02,abnormal
00000203.wav,6.32824,3.694717,4.03288,5.430828,17.31043,9.789461,11.33939,12.36176,14.57689,3.7477,10.57692,74.29734,3.698507,-15.53594,6.34378,0.04570443,slider,id_02,abnormal
00000204.wav,5.541492,3.325087,3.599055,5.254368,20.31284,11.5164,13.13318,14.78039,17.91151,2.177106,14.26307,76.70365,2.891638,-16.75836,5.546334,0.04483361,slider,id_02,abnormal
00000205.wav,8.401051,4.953842,5.422843,6.810532,25.86824,15.02077,16.42907,18.48511,20.93664,3.671808,23.63368,74.29838,3.74076,-11.51207,4.964419,0.06069253,slider,id_02,abnormal
00000206.wav,4.989138,2.988738,3.102387,3.987388,21.46674,12.23213,13.96852,15.77375,19.4898,1.755462,8.973384,78.13688,2.846855,-18.96691,6.052601,0.03996881,slider,id_02,abnormal
00000207.wav,7.491002,4.499146,4.735345,5.447047,24.509,14.12457,15.32106,17.58959,20.6444,2.021785,4.512114,79.06201,3.355111,-13.67856,6.218226,0.05025937,slider,id_02,abnormal
00000208.wav,8.525446,5.069552,5.53434,6.859833,24.6411,14.015,15.92618,18.01078,21.16304,3.185637,23.63765,74.09766,3.825117,-12.93258,6.266211,0.05208661,slider,id_02,abnormal
00000209.wav,6.434009,3.800452,4.070612,5.401216,19.38498,11.02914,12.44652,13.85937,15.74398,3.211676,11.85567,75.99411,3.637651,-15.34951,6.306569,0.04617641,slider,id_02,abnormal
00000210.wav,8.632829,5.17031,5.46686,7.416744,26.42414,15.18225,17.11665,19.03165,21.99558,3.672767,26.65377,76.09284,3.766014,-12.86777,5.943987,0.05315825,slider,id_02,abnormal
00000211.wav,6.75069,4.041488,4.22084,5.523544,23.07572,13.04892,14.81972,16.67506,19.51881,2.638864,21.71651,76.50629,3.413426,-15.2786,5.741555,0.04757339,slider,id_02,abnormal
00000212.wav,8.462866,5.020673,5.439887,6.641946,25.54254,14.44251,16.7606,18.42615,21.18713,3.66996,25.78967,75.06503,3.851941,-12.9555,5.943445,0.05291301,slider,id_02,abnormal
00000213.wav,7.160082,4.288469,4.576951,5.437663,24.20926,13.77027,15.49972,17.31238,20.84187,2.449753,4.701457,77.76211,3.568681,-16.21783,6.108146,0.04479088,slider,id_02,abnormal
00000214.wav,8.511171,5.124531,5.669375,7.018067,28.23364,16.06137,18.52056,19.94784,23.88272,3.232065,28.11199,75.14188,3.561825,-12.69656,5.915964,0.05372726,slider,id_02,abnormal
00000215.wav,7.198332,4.2906,4.563914,5.604579,24.87571,14.28841,15.97448,17.55212,19.77206,2.873004,21.01043,76.22294,3.598151,-12.31389,5.920466,0.05484154,slider,id_02,abnormal
00000216.wav,4.545889,2.77175,2.865938,3.706198,20.88996,11.94017,13.23964,15.42409,18.84789,1.728688,9.653994,78.76976,2.90927,-15.13406,6.35307,0.04653949,slider,id_02,abnormal
00000217.wav,6.014471,3.609474,3.824963,5.254805,20.59093,11.8506,13.16691,14.63763,17.21543,2.349175,14.24762,76.99048,3.063385,-17.72042,6.545511,0.04121004,slider,id_02,abnormal
00000218.wav,8.288923,4.921866,5.270416,6.604673,25.15928,14.25662,16.3402,18.06074,20.39766,3.82766,24.52122,74.95306,3.731752,-13.17009,5.450086,0.05370519,slider,id_02,abnormal
00000219.wav,8.32988,5.00417,5.262027,7.208556,26.37536,15.22181,16.90379,18.87909,21.93331,3.68208,28.36305,74.71637,3.681778,-12.53591,5.562282,0.05525414,slider,id_02,abnormal
00000220.wav,8.544913,5.091971,5.464697,6.87478,26.00537,14.82972,16.88336,18.60114,21.23465,3.912155,26.09993,75.61521,3.85118,-11.62612,5.299431,0.05908229,slider,id_02,abnormal
00000221.wav,8.134309,4.880502,5.263006,6.936328,25.98324,14.94411,16.63533,18.94822,22.84887,3.875637,22.40947,75.15238,3.756796,-14.79941,6.40349,0.04716337,slider,id_02,abnormal
00000222.wav,8.622963,5.196677,5.568152,6.88212,28.00382,16.08491,17.78819,19.70017,23.06039,2.712635,28.56043,76.17398,3.508074,-13.62617,5.074338,0.05347449,slider,id_02,abnormal
00000223.wav,7.538429,4.548683,4.834102,5.379716,25.14135,14.40327,15.60051,18.18529,21.85914,1.547649,4.175729,78.64289,2.92462,-12.93821,5.683448,0.05370092,slider,id_02,abnormal
00000224.wav,3.8232,2.336331,2.494811,3.187558,19.90362,11.22982,12.58538,14.70215,18.60303,1.181521,13.00275,77.96143,2.53648,-18.63772,5.50438,0.04142142,slider,id_02,abnormal
00000225.wav,6.833199,4.158642,4.229856,4.697358,22.50893,12.84851,14.07273,17.37328,21.0006,1.607781,2.396891,80.82488,2.660403,-11.36987,5.393176,0.05965501,slider,id_02,abnormal
00000226.wav,8.962048,5.425298,5.764497,7.662444,30.52438,17.67379,19.31795,21.99288,26.15291,4.382243,30.3323,75.73416,3.65752,-13.91908,5.690514,0.05099544,slider,id_02,abnormal
00000227.wav,8.54172,5.106939,5.333836,6.860502,25.26311,14.35778,16.56645,18.40047,21.30073,3.500956,24.4109,75.92047,3.832418,-11.41732,5.636597,0.05863755,slider,id_02,abnormal
00000228.wav,4.245682,2.542904,2.728671,3.41779,19.39383,10.98249,12.37153,14.86166,18.54494,1.668228,8.145722,77.69136,3.061042,-19.64617,5.70472,0.03944635,slider,id_02,abnormal
00000229.wav,7.328315,4.387071,4.639079,5.301154,24.12937,13.72332,15.68541,17.19743,19.80086,2.23192,3.759743,78.221,3.727304,-13.8997,5.856651,0.05061663,slider,id_02,abnormal
00000230.wav,4.448077,2.721622,2.882436,3.844922,19.95504,11.14611,13.06073,14.89712,18.13723,2.318537,18.017,78.07365,2.896303,-17.39236,5.25449,0.04415625,slider,id_02,abnormal
00000231.wav,8.433939,5.073408,5.436862,7.050702,25.08372,14.30928,16.06667,17.86714,20.23741,3.88327,22.56248,75.43119,3.952151,-12.43903,5.442815,0.05592265,slider,id_02,abnormal
00000232.wav,5.779266,3.373854,3.649695,5.58751,18.27808,10.37541,11.80371,13.13702,15.13319,3.06577,10.97834,75.09335,3.514618,-15.68457,5.884719,0.04636221,slider,id_02,abnormal
00000233.wav,8.540113,5.092918,5.41316,6.604689,24.69489,14.21641,16.07505,17.65055,20.14191,3.952819,24.39204,75.31319,3.801206,-12.64683,5.571123,0.05489091,slider,id_02,abnormal
00000234.wav,7.225065,4.357461,4.527738,5.227047,23.45421,13.3627,14.62981,17.23053,20.44873,2.711939,3.923358,78.94617,3.630682,-14.92624,6.088051,0.04758666,slider,id_02,abnormal
00000235.wav,8.078748,4.871668,5.102741,6.808266,22.17738,12.65668,14.25189,15.72029,18.02928,2.8341,28.34646,74.84459,3.563273,-12.6424,5.558195,0.05494327,slider,id_02,abnormal
00000236.wav,7.002852,4.20941,4.527983,6.098024,26.39487,15.06118,16.7774,18.52079,21.47197,2.911161,15.28981,77.14857,3.451972,-16.05249,6.317041,0.04470366,slider,id_02,abnormal
00000237.wav,8.627283,5.1462,5.566773,7.174898,25.6219,14.67556,16.52117,18.2171,20.5437,4.55372,25.15426,75.97096,3.865415,-11.2399,5.83766,0.05855637,slider,id_02,abnormal
00000238.wav,8.371701,4.961831,5.316428,6.860518,26.11134,14.83159,16.9841,18.56896,21.39753,3.439345,22.64286,74.57143,3.815499,-12.13086,5.765677,0.05587674,slider,id_02,abnormal
00000239.wav,8.253,4.890327,5.171339,6.371539,23.90987,13.57406,15.53722,17.31617,19.99752,3.498716,22.28486,75.42277,3.77543,-13.28366,5.800807,0.05239863,slider,id_02,abnormal
00000240.wav,8.628667,5.167527,5.505632,6.863832,25.61271,14.68707,16.50037,17.96469,20.59654,3.502381,25.44529,75.68157,3.830792,-11.41492,5.614888,0.05872058,slider,id_02,abnormal
00000241.wav,8.684415,5.281577,5.642429,6.71834,28.30944,16.35112,18.41502,20.21213,24.05875,2.640058,29.04341,77.56435,3.24085,-15.18745,6.412024,0.04629742,slider,id_02,abnormal
00000242.wav,7.410753,4.436474,4.653989,5.537878,24.02644,13.76782,15.53993,16.96146,19.51029,2.262887,23.33607,76.41742,3.46964,-12.39122,5.47359,0.05597595,slider,id_02,abnormal
00000243.wav,8.40814,4.977446,5.446529,7.358444,26.59436,15.31998,16.9114,18.64567,21.33482,3.891132,26.03416,73.85199,3.819016,-13.46875,6.009316,0.05133981,slider,id_02,abnormal
00000244.wav,8.660359,5.129456,5.701846,7.752706,28.58714,16.13869,18.80436,21.58895,24.61811,3.395873,31.51085,73.24708,3.600064,-9.540124,5.686553,0.06567421,slider,id_02,abnormal
00000245.wav,7.364449,4.388052,4.774019,6.781578,24.8516,14.07492,15.76432,17.81017,20.55483,2.982004,16.2767,75.72058,3.283011,-13.98525,6.152433,0.04965815,slider,id_02,abnormal
00000246.wav,8.311321,4.889951,5.435261,7.167711,26.00078,14.58481,16.87851,18.75575,21.97863,3.859106,24.40945,75.10311,3.816675,-14.05886,6.056688,0.0497128,slider,id_02,abnormal
00000247.wav,8.522815,5.066451,5.460391,6.98649,25.8639,14.74713,16.68887,18.3306,21.06652,3.742853,25.2193,74.59795,3.940296,-11.26816,5.575707,0.05936878,slider,id_02,abnormal
00000248.wav,7.793963,4.586024,4.970186,6.645845,21.93906,12.45041,14.08846,15.97475,19.88264,3.693281,18.14067,74.19916,3.80992,-13.56799,6.281634,0.05037878,slider,id_02,abnormal
00000249.wav,8.321749,4.959715,5.384987,7.100774,25.74487,14.73526,16.59846,18.72368,21.63404,4.079752,24.70588,74.33824,3.787942,-12.04178,5.279344,0.05773296,slider,id_02,abnormal
00000250.wav,5.91759,3.532703,3.758207,4.872073,22.19349,12.53397,14.25789,15.9422,19.14504,2.504639,6.149958,78.26453,3.538337,-14.46662,6.64415,0.04736918,slider,id_02,abnormal
00000251.wav,8.226974,4.909146,5.296886,6.907732,26.18233,14.99661,16.84118,18.54562,21.4089,3.719275,24.48825,76.49735,3.758705,-14.53844,5.730476,0.04933663,slider,id_02,abnormal
00000252.wav,5.404301,3.229616,3.595907,5.09828,20.2797,11.2842,13.21854,15.70376,18.82689,2.571203,13.56137,76.98189,3.221032,-16.975,5.508191,0.04447768,slider,id_02,abnormal
00000253.wav,8.476328,5.039301,5.407966,7.506542,25.72001,14.60312,16.5521,18.44634,21.21143,3.991357,23.67079,75.09104,3.902503,-11.3682,5.552805,0.05909816,slider,id_02,abnormal
00000254.wav,7.367617,4.328279,4.683386,6.099125,22.05245,12.78195,13.96811,15.4255,17.84312,3.521103,11.9281,75.22876,3.948676,-18.08197,6.938472,0.03996732,slider,id_02,abnormal
00000255.wav,8.734104,5.225909,5.724903,7.171855,27.2344,15.4719,17.48788,19.39079,22.26399,3.846044,26.25,75.07353,3.862827,-13.82455,5.629318,0.05140365,slider,id_02,abnormal
00000256.wav,4.882434,2.918254,3.127779,4.596293,21.42373,12.15906,13.65331,16.00176,19.38577,2.153381,14.76894,77.75131,2.936311,-15.51318,5.934977,0.04662406,slider,id_02,abnormal
00000257.wav,7.611448,4.572946,4.822413,5.931142,24.19038,13.89329,15.27635,17.2113,20.21401,2.60588,5.01355,78.54562,3.306338,-15.51199,6.794877,0.04482925,slider,id_02,abnormal
00000258.wav,8.503691,5.138475,5.491131,7.053771,27.32554,15.77301,17.21523,19.29784,23.12762,3.263861,26.75277,75.71956,3.685699,-12.46538,5.681816,0.05510492,slider,id_02,abnormal
00000259.wav,7.311997,4.451657,4.542114,5.095691,23.7389,13.4758,15.02773,17.79118,21.36024,1.692712,3.887079,80.34745,2.754143,-11.9748,5.36776,0.05766163,slider,id_02,abnormal
00000260.wav,8.355263,4.951065,5.332381,6.8792,24.57837,14.01529,15.81201,17.44807,19.72554,4.071639,23.04029,74.35897,3.863627,-13.46075,5.74285,0.05207358,slider,id_02,abnormal
00000261.wav,8.585509,5.14598,5.570274,6.996466,25.72252,14.77534,16.32633,18.09518,20.75154,3.802425,27.14661,75.14061,3.799644,-11.39953,5.743964,0.05833116,slider,id_02,abnormal
00000262.wav,8.840069,5.351856,5.605458,7.109991,29.29361,16.78213,18.95396,20.33102,23.31786,3.197264,21.48438,77.05078,3.853716,-13.55061,6.353495,0.05024088,slider,id_02,abnormal
00000263.wav,7.016062,4.138916,4.398341,5.909674,19.99109,11.58143,12.94702,14.01573,16.32732,3.86167,15.01845,75.60886,3.766621,-13.04762,6.450803,0.0512862,slider,id_02,abnormal
00000264.wav,8.441276,5.036208,5.449942,6.875646,26.07781,14.77915,16.86194,18.87564,21.4255,3.740863,26.17801,74.83171,3.779051,-11.25168,6.16453,0.05741777,slider,id_02,abnormal
00000265.wav,8.101709,4.749525,5.216369,6.573232,22.93682,13.12692,14.75256,16.37886,18.28883,3.794569,22.59273,73.88535,3.84127,-12.11576,6.287736,0.05433752,slider,id_02,abnormal
00000266.wav,6.353828,3.822737,3.964644,5.282661,21.10317,12.00201,13.4733,15.13048,18.08551,2.720728,23.80483,77.37802,3.388265,-16.71492,5.709519,0.04459421,slider,id_02,abnormal
